Date,Open,High,Low,Close,Volume,Alpha2
2021-07-19,17.2,17.26,16.74,17.08,52213595.0,
2021-07-20,16.99,17.08,16.49,16.59,80403433.0,0.9687092568448368
2021-07-21,16.58,16.75,16.27,16.47,75307652.0,-0.4943502824858671
2021-07-22,16.47,16.64,16.3,16.41,86864809.0,0.18627450980392093
2021-07-23,16.41,16.41,16.11,16.19,72740433.0,0.11372549019606432
2021-07-26,16.08,16.1,14.84,15.14,145130394.0,0.057142857142867653
2021-07-27,15.2,15.3,14.18,14.3,135755148.0,0.26190476190476086
2021-07-28,14.38,14.55,14.24,14.3,106299421.0,-0.17281105990783507
2021-07-29,14.43,14.69,14.32,14.47,87237812.0,-0.4237140366172635
2021-07-30,14.43,14.54,13.89,14.25,95015588.0,-0.2968814968814939
2021-08-02,14.21,14.61,13.84,14.51,115992263.0,-0.6325674325674326
2021-08-03,14.49,14.62,14.22,14.41,89694857.0,0.7902597402597402
2021-08-04,14.53,14.55,14.18,14.34,72962008.0,0.08513513513513758
2021-08-05,14.26,14.54,14.16,14.24,62157388.0,0.4438122332859144
2021-08-06,14.14,14.42,14.05,14.38,56745413.0,-1.362731152204839
2021-08-09,14.43,15.5,14.37,15.35,175279800.0,0.04927050944750522
2021-08-10,15.38,16.09,15.22,15.89,130198844.0,0.19428338927881028
2021-08-11,16.1,16.58,15.87,15.96,104830844.0,1.2867087582969043
2021-08-12,15.94,16.35,15.81,16.02,66645800.0,-0.5242566510172048
2021-08-13,15.93,16.04,15.71,16.02,56288502.0,-1.1010101010101079
2021-08-16,16.18,16.27,15.76,16.07,62705022.0,0.6631016042780744
2021-08-17,15.99,16.29,15.79,15.84,47602194.0,1.0156862745098034
2021-08-18,15.84,17.08,15.75,16.61,133273216.0,-1.093233082706765
2021-08-19,16.5,16.61,16.12,16.38,64997561.0,0.2320085929108541
2021-08-20,16.08,16.16,15.06,15.64,161462793.0,0.006679035250458619
2021-08-23,15.71,16.15,15.39,15.54,119184935.0,0.6598086124401945
2021-08-24,15.59,16.08,15.47,15.59,86895330.0,0.0012942191544418336
2021-08-25,15.64,15.68,15.26,15.43,69808397.0,-0.41608118657299065
2021-08-26,15.46,15.51,14.83,14.87,95161900.0,0.6918767507002823
2021-08-27,14.95,15.21,14.75,14.81,72882023.0,-0.14322250639386602
2021-08-30,14.67,14.73,14.14,14.27,125221101.0,-0.1798084008842986
2021-08-31,14.27,14.44,13.94,14.34,117486786.0,-1.15932203389831
2021-09-01,14.08,14.43,13.7,14.4,231689409.0,-0.31780821917808255
2021-09-02,14.5,15.13,14.34,14.82,242260354.0,0.7026183457603628
2021-09-03,14.9,14.9,14.26,14.53,139481871.0,0.3714398734177232
2021-09-06,14.44,14.98,14.32,14.86,151522556.0,-0.7926136363636356
2021-09-07,14.98,15.75,14.78,15.5,162234416.0,0.15182755388940633
2021-09-08,15.5,15.75,15.38,15.49,102620105.0,0.8899414878796343
2021-09-09,15.39,15.42,15.14,15.3,73950585.0,-0.5482625482625537
2021-09-10,15.21,16.73,15.17,16.57,231494528.0,-0.6520146520146483
2021-09-13,16.4,16.52,15.96,16.28,129722802.0,0.6520146520146483
2021-09-14,16.25,16.33,15.52,15.6,115817315.0,0.9453262786596152
2021-09-15,15.55,16.91,15.46,15.72,84161841.0,-0.16108982545764094
2021-09-16,15.54,15.71,15.09,15.37,117695356.0,-0.5446051167964372
2021-09-17,15.22,15.3,14.83,14.92,112487963.0,0.5202470830473552
2021-09-22,14.39,14.54,14.03,14.48,147336521.0,-1.381727158948692
2021-09-23,14.58,14.76,14.22,14.24,137983759.0,1.6906318082788734
2021-09-24,14.18,14.24,13.97,13.97,126569628.0,0.07407407407407263
2021-09-27,13.86,14.24,13.74,14.15,114066759.0,-1.6400000000000006
2021-09-28,14.07,14.63,14.05,14.47,129316747.0,0.1917241379310355
2021-09-29,14.38,14.85,14.26,14.62,123012175.0,0.22793687901811926
2021-09-30,14.57,14.66,14.26,14.44,79561105.0,0.32033898305084807
2021-10-08,14.63,15.21,14.51,15.01,115920062.0,-0.5285714285714286
2021-10-11,15.3,15.9,15.3,15.63,145533835.0,0.3285714285714255
2021-10-12,15.54,15.87,15.46,15.59,103123218.0,0.46585365853658856
2021-10-13,15.54,16.04,15.44,15.77,80789668.0,-0.46585365853658856
2021-10-14,15.78,16.04,15.21,15.47,84298987.0,0.47349397590361453
2021-10-15,15.3,16.03,15.3,15.83,99349378.0,-0.8255487704241591
2021-10-18,15.67,15.75,15.38,15.54,72962250.0,0.5871899296556875
2021-10-19,15.42,15.85,15.42,15.76,68241515.0,-0.7165304839723519
2021-10-20,15.91,15.93,15.46,15.5,66295555.0,1.411182582879766
2021-10-21,15.72,16.16,15.5,16.11,162166101.0,-1.678272082527403
2021-10-22,16.24,16.58,15.95,16.14,113496363.0,1.2453102453102383
2021-10-25,15.87,16.27,15.71,16.21,73082823.0,-1.1825396825396817
2021-10-26,16.16,16.47,16.0,16.15,65280684.0,1.1474164133738687
2021-10-27,16.11,16.25,15.78,16.04,68760019.0,-0.46808510638298084
2021-10-28,15.95,16.06,15.6,15.88,61901089.0,-0.11100832562443162
2021-10-29,15.81,15.9,15.56,15.71,53992976.0,0.33503836317136043
2021-11-01,15.57,15.89,15.31,15.62,84149020.0,-0.18661257606490173
2021-11-02,15.6,15.7,14.49,14.64,199769050.0,0.8210316329438534
2021-11-03,14.58,14.69,14.38,14.52,111497204.0,-0.6552919221540875
2021-11-04,14.56,14.58,14.34,14.39,98341098.0,0.48655913978493665
2021-11-05,14.38,14.5,14.15,14.21,109603988.0,0.0738095238095261
2021-11-08,14.19,14.34,13.98,14.03,137681482.0,0.06507936507937373
2021-11-09,14.08,14.22,13.9,14.12,124057275.0,-1.0972222222222192
2021-11-10,14.06,14.07,13.82,14.01,122085088.0,-0.14500000000000435
2021-11-11,13.97,14.84,13.95,14.78,208472900.0,-0.3451685393258457
2021-11-12,14.75,15.01,14.59,14.72,95754646.0,1.2461209202782189
2021-11-15,14.78,15.01,14.66,14.84,65508999.0,-0.40952380952380507
2021-11-16,14.79,14.93,14.63,14.67,60111048.0,0.7619047619047661
2021-11-17,14.62,14.74,14.48,14.59,66464038.0,-0.5794871794871805
2021-11-18,14.57,14.59,14.28,14.34,79984377.0,0.45905707196029155
2021-11-19,14.34,14.69,14.26,14.62,78637156.0,-1.2873218304576102
2021-11-22,14.52,14.7,14.42,14.59,73861780.0,0.4601328903654447
2021-11-23,14.59,14.78,14.24,14.4,123597796.0,0.6216931216931225
2021-11-24,14.31,14.46,14.22,14.39,74131084.0,-0.8240740740740707
2021-11-25,14.29,14.33,14.2,14.24,60353270.0,0.8012820512820389
2021-11-26,14.19,14.23,14.11,14.16,69449988.0,-0.21794871794871234
2021-11-29,14.02,14.15,13.98,14.1,51259471.0,-0.578431372549006
2021-11-30,14.13,14.24,13.97,14.05,73361606.0,0.8191721132897503
2021-12-01,14.04,14.31,13.99,14.21,70692519.0,-0.7824074074074088
2021-12-02,14.19,14.34,13.99,14.17,99479835.0,0.3464285714285748
2021-12-03,14.21,14.26,14.02,14.22,70759974.0,-0.638095238095246
2021-12-06,14.38,14.95,14.34,14.58,214562528.0,0.8797814207650333
2021-12-07,14.74,15.04,14.62,14.87,161644387.0,-0.4035909445745499
2021-12-08,14.86,14.94,14.63,14.88,98028118.0,-0.4224270353302676
2021-12-09,14.89,15.35,14.8,15.06,145588668.0,0.6674486803519117
2021-12-10,14.91,15.06,14.72,14.8,98925513.0,0.4748663101604282
2021-12-13,14.88,15.21,14.64,14.72,131449027.0,0.1898864809081533
2021-12-14,14.63,14.63,14.11,14.16,193720890.0,0.0883940620782705
2021-12-15,14.1,14.22,14.01,14.14,129462741.0,-1.045787545787546
2021-12-16,14.14,14.28,14.06,14.27,81947951.0,-0.6709956709956699
2021-12-17,14.26,14.3,14.15,14.15,60236967.0,1.9090909090909105
2021-12-20,14.14,14.22,14.05,14.11,74643520.0,-0.7058823529411618
2021-12-21,14.09,14.26,14.08,14.17,89373404.0,-0.2941176470588383
2021-12-22,14.19,14.21,13.93,14.01,97692775.0,0.4285714285714304
2021-12-23,14.01,14.04,13.86,13.95,105957594.0,-0.4285714285714304
2021-12-24,13.96,13.97,13.86,13.94,48825149.0,-0.4545454545454399
2021-12-27,13.96,13.97,13.82,13.87,73111899.0,0.787878787878789
2021-12-28,13.87,13.96,13.76,13.83,112663891.0,-0.03333333333334826
2021-12-29,13.82,13.82,13.45,13.49,146937398.0,0.48378378378377845
2021-12-30,13.5,13.65,13.47,13.55,79666360.0,-0.6726726726726704
2021-12-31,13.58,13.61,13.21,13.27,175076089.0,0.5888888888888963
2022-01-04,13.27,13.42,13.03,13.42,116925933.0,-1.7000000000000053
2022-01-05,13.35,13.87,13.33,13.81,196199817.0,0.22222222222221788
2022-01-06,13.78,13.91,13.69,13.79,110788519.0,0.8686868686868789
2022-01-07,13.77,13.92,13.74,13.85,112663070.0,-0.3131313131313146
2022-01-10,13.93,14.03,13.72,13.85,90977401.0,0.38351254480286595
2022-01-11,13.9,14.13,13.81,14.02,158199940.0,-0.4737903225806412
2022-01-12,14.02,14.05,13.61,13.69,150216355.0,0.9488636363636302
2022-01-13,13.62,13.89,13.55,13.68,90942265.0,-0.4010695187165728
2022-01-14,13.69,13.71,13.13,13.15,210309491.0,0.6957403651115579
2022-01-17,13.17,13.27,12.98,13.06,114368943.0,-0.4827586206896588
2022-01-18,13.09,13.32,13.02,13.31,115297431.0,-1.3816091954022984
2022-01-19,13.32,13.44,13.18,13.29,98839185.0,1.0871794871794924
2022-01-20,13.27,14.06,13.23,13.96,303119377.0,-0.9128822984244717
2022-01-21,14.05,14.14,13.86,13.97,148168295.0,0.973321858864023
2022-01-24,13.97,14.0,13.68,13.85,87477087.0,-0.2767857142857075
2022-01-25,13.76,13.76,13.54,13.57,109328397.0,0.7897727272727164
2022-01-26,13.65,13.77,13.32,13.41,98497522.0,-0.12727272727271777
2022-01-27,13.29,13.32,13.09,13.13,102464311.0,0.052173913043470854
2022-01-28,13.2,13.25,12.74,12.75,167556367.0,0.30861040068202017
2022-02-07,12.9,13.22,12.8,13.2,151547630.0,-1.8655462184873892
2022-02-08,13.13,13.67,13.1,13.56,175469528.0,0.29072681704259784
2022-02-09,13.63,13.69,13.46,13.58,105116166.0,0.570556826849736
2022-02-10,13.51,13.72,13.43,13.68,78455735.0,-0.6806596701649128
2022-02-11,13.72,13.97,13.72,13.77,107813914.0,1.3241379310344858
2022-02-14,13.77,13.81,13.3,13.35,115065851.0,0.2039215686274466
2022-02-15,13.29,13.43,12.97,13.11,120826437.0,-0.41261722080136415
2022-02-16,13.17,13.31,13.06,13.22,78239959.0,-0.671304347826092
2022-02-17,13.2,13.33,13.14,13.23,79450184.0,0.33263157894736856
2022-02-18,13.14,13.51,13.14,13.51,80249940.0,-1.0526315789473675
2022-02-21,13.42,13.43,13.14,13.3,80099455.0,0.8965517241379268
2022-02-22,13.14,13.24,13.02,13.07,89495673.0,0.6489028213166135
2022-02-23,13.13,13.14,12.92,13.04,88674244.0,-0.6363636363636209
2022-02-24,12.99,13.01,12.73,12.81,132408685.0,0.5194805194805074
2022-02-25,12.88,12.95,12.78,12.81,72639707.0,0.21848739495797148
2022-02-28,12.81,12.82,12.58,12.69,72399045.0,-0.5637254901960593
2022-03-01,12.72,12.85,12.58,12.82,93504034.0,-0.861111111111121
2022-03-02,12.72,12.78,12.61,12.63,76076086.0,1.5424836601307073
2022-03-03,12.67,12.73,12.59,12.65,57828505.0,-0.621848739495786
2022-03-04,12.58,12.59,12.31,12.35,99093566.0,0.5714285714285805
2022-03-07,12.22,12.22,11.81,11.86,111315899.0,0.04181184668989535
2022-03-08,11.78,11.97,11.48,11.53,100303269.0,0.03982080637132812
2022-03-09,11.6,11.64,10.65,11.15,180076017.0,-0.806019377447953
2022-03-10,11.42,11.88,11.35,11.74,224915816.0,-0.4615971031065363
2022-03-11,11.6,12.07,11.4,12.0,149364697.0,-0.319346662911856
2022-03-14,11.78,12.03,11.64,11.67,111840734.0,1.637198622273251
2022-03-15,11.6,11.6,10.95,11.02,178140887.0,-0.061538461538465095
2022-03-16,11.16,11.6,10.88,11.53,153177906.0,-1.5901709401709383
2022-03-17,11.81,11.85,11.47,11.64,173006142.0,0.9108187134502893
2022-03-18,11.57,11.96,11.39,11.84,152880713.0,-0.6842105263157842
2022-03-21,11.68,11.94,11.59,11.75,120886805.0,0.6646616541353333
2022-03-22,11.75,12.26,11.68,12.23,162865658.0,-0.9822660098522172
2022-03-23,12.17,12.23,12.0,12.08,105010238.0,1.2008995502248905
2022-03-24,12.02,12.33,11.93,12.24,100235995.0,-0.8543478260869584
2022-03-25,12.2,12.28,11.94,12.07,74293335.0,0.785294117647055
2022-03-28,11.92,12.12,11.78,11.96,72713699.0,-0.2941176470588278
2022-03-29,11.98,12.04,11.76,11.82,61564315.0,0.6302521008403408
2022-03-30,11.97,12.3,11.89,12.25,123679155.0,-1.3275261324041732
2022-03-31,12.16,12.54,12.13,12.39,116374674.0,0.48780487804877304
2022-04-01,12.38,12.72,12.24,12.69,148487874.0,-0.6067073170731621
2022-04-06,12.6,13.32,12.59,13.2,248854005.0,0.2037671232876691
2022-04-07,13.19,13.42,13.05,13.11,165906455.0,1.3469085523880082
2022-04-08,13.1,13.25,12.99,13.21,106677946.0,-1.3679833679833804
2022-04-11,13.17,13.21,12.73,12.93,141673536.0,0.858974358974369
2022-04-12,12.93,13.1,12.61,12.82,103926142.0,-0.023809523809530636
2022-04-13,12.8,12.95,12.66,12.73,89062806.0,0.3743842364532017
2022-04-14,12.89,13.09,12.82,12.92,92961494.0,-0.2579821200510807
2022-04-15,12.81,13.31,12.77,13.23,123176103.0,-0.9629629629629647
2022-04-18,13.01,13.05,12.73,12.81,108688756.0,1.203703703703704
2022-04-19,12.81,12.86,12.58,12.73,82177249.0,-0.5714285714285764
2022-04-20,12.73,12.93,12.65,12.77,71655528.0,0.2142857142857229
2022-04-21,12.7,12.87,12.65,12.73,70989116.0,0.12987012987012184
2022-04-22,12.6,13.04,12.4,12.94,92127408.0,-0.9602272727272689
2022-04-25,12.62,12.81,11.9,11.96,166448098.0,1.5556318681318677
2022-04-26,11.98,12.07,11.64,11.86,98820956.0,-0.8913876820853508
2022-04-27,12.07,12.6,12.05,12.6,149029503.0,-0.9767441860465162
2022-04-28,12.54,12.83,12.38,12.6,91177187.0,1.0222222222222257
2022-04-29,12.64,12.68,12.06,12.34,164501308.0,0.07455197132616229
2022-05-05,12.24,12.44,12.2,12.34,79019620.0,-0.2634408602150584
2022-05-06,12.1,12.24,12.01,12.05,83243182.0,0.8188405797101412
2022-05-09,12.03,12.03,11.65,11.72,81862135.0,-0.020594965675052257
2022-05-10,11.68,11.76,11.36,11.75,99228502.0,-1.5815789473684196
2022-05-11,11.71,11.95,11.63,11.78,84857362.0,1.0125000000000055
2022-05-12,11.66,11.73,11.54,11.58,68506423.0,0.5164473684210412
2022-05-13,11.68,11.81,11.67,11.77,67631191.0,-1.0075187969924635
2022-05-16,11.81,11.86,11.56,11.61,66822782.0,1.0952380952380905
2022-05-17,11.69,11.86,11.53,11.85,93140639.0,-1.6060606060606133
2022-05-18,11.96,11.99,11.82,11.88,77857833.0,1.233511586452758
2022-05-19,11.72,11.84,11.68,11.78,59092172.0,-0.5441176470588118
2022-05-20,11.84,12.11,11.82,12.1,94859778.0,-0.6810344827586275
2022-05-23,12.14,12.14,11.89,11.94,64772592.0,1.5310344827586304
2022-05-24,11.98,11.98,11.6,11.6,93355706.0,0.3999999999999915
2022-05-25,11.62,11.67,11.52,11.59,60322826.0,-0.9333333333333349
2022-05-26,11.61,11.62,11.33,11.43,101131756.0,0.2436781609195422
2022-05-27,11.51,11.56,11.36,11.42,72306674.0,0.08965517241379095
2022-05-30,11.49,11.5,11.31,11.34,89690123.0,0.28421052631579713
2022-05-31,11.33,11.42,11.28,11.4,93886855.0,-1.398496240601517
2022-06-01,11.39,11.39,11.28,11.34,84529898.0,0.6233766233766336
2022-06-02,11.29,11.3,11.18,11.24,97926822.0,0.09090909090908797
2022-06-06,11.2,11.41,10.99,11.41,171085175.0,-1.0
2022-06-07,11.29,11.48,11.27,11.4,131511262.0,0.7619047619047594
2022-06-08,11.4,11.41,11.28,11.4,114552124.0,-0.6080586080586099
2022-06-09,11.39,11.65,11.36,11.56,163290134.0,0.4668435013262612
2022-06-10,11.49,11.54,11.38,11.53,134601231.0,-0.49568965517241226
2022-06-13,11.42,11.43,11.18,11.2,154775285.0,1.7150000000000047
2022-06-14,11.04,11.38,11.04,11.37,115142939.0,-1.7811764705882298
2022-06-15,11.36,12.17,11.32,11.87,341354371.0,0.6470588235294048
2022-06-16,11.87,11.94,11.61,11.63,133254631.0,1.1729055258466923
2022-06-17,11.53,11.7,11.44,11.64,105378794.0,-1.4172494172494186
2022-06-20,11.63,11.63,11.49,11.55,103216680.0,0.6813186813186871
2022-06-21,11.55,11.78,11.46,11.57,132179398.0,0.1696428571428611
2022-06-22,11.57,11.57,11.34,11.34,105604592.0,0.6874999999999997
2022-06-23,11.35,11.46,11.32,11.44,80602803.0,-1.7142857142856962
2022-06-24,11.44,11.48,11.36,11.46,86604061.0,0.047619047619019694
2022-06-27,11.47,11.73,11.45,11.67,149727818.0,0.09523809523810689
2022-06-28,11.65,11.82,11.61,11.78,112511048.0,-0.04761904761904223
2022-06-29,11.8,12.0,11.72,11.79,126654728.0,1.1190476190476213
2022-06-30,11.78,12.1,11.72,12.07,154874501.0,-1.3421052631579071
2022-07-01,12.08,12.14,11.95,12.02,77924332.0,1.1052631578947418
2022-07-04,12.04,12.07,11.88,12.03,83496807.0,-0.8421052631578858
2022-07-05,12.07,12.3,11.94,12.01,111517210.0,1.1900584795321527
2022-07-06,11.94,12.03,11.65,11.7,104333523.0,0.12573099415205202
2022-07-07,11.71,11.8,11.58,11.61,73016098.0,-0.009569377990429007
2022-07-08,11.68,11.8,11.57,11.71,63969823.0,-0.9446640316205626
2022-07-11,11.68,11.74,11.57,11.65,61169194.0,0.27621483375959227
2022-07-12,11.61,11.86,11.58,11.61,74288242.0,0.7268907563025263
2022-07-13,11.61,11.65,11.19,11.25,217599606.0,-0.046583850931682824
2022-07-14,11.03,11.04,10.7,10.77,263212087.0,-0.1508951406649618
2022-07-15,10.86,10.92,10.65,10.66,159863740.0,0.3376906318082822
2022-07-18,10.67,10.82,10.64,10.78,115350581.0,-1.481481481481472
2022-07-19,10.74,10.82,10.7,10.81,75559710.0,-0.27777777777779367
2022-07-20,10.82,10.85,10.75,10.78,80145866.0,1.233333333333349
2022-07-21,10.73,10.74,10.46,10.48,197038789.0,0.4571428571428492
2022-07-22,10.53,10.6,10.35,10.5,137650974.0,-1.0571428571428627
2022-07-25,10.49,10.53,10.39,10.51,76395581.0,-0.5142857142857151
2022-07-26,10.45,10.58,10.42,10.58,102404881.0,-0.28571428571428203
2022-07-27,10.53,10.56,10.44,10.49,92391408.0,1.1666666666666616
2022-07-28,10.5,10.58,10.48,10.56,75034652.0,-0.7666666666666688
2022-07-29,10.56,10.58,10.37,10.39,83149747.0,1.4095238095238045
2022-08-01,10.38,10.38,10.17,10.18,102573271.0,0.09523809523810978
2022-08-02,10.02,10.12,9.79,10.05,137300930.0,-1.4805194805194921
2022-08-03,9.99,10.06,9.85,9.86,74613653.0,1.4805194805194921
2022-08-04,9.92,9.98,9.85,9.97,60267562.0,-1.7509157509157576
2022-08-05,9.94,10.11,9.82,10.09,76529787.0,-0.015915119363393515
2022-08-08,10.04,10.13,9.97,10.0,55199969.0,1.4870689655172522
2022-08-09,10.01,10.02,9.9,9.94,55844757.0,-0.29166666666666513
2022-08-10,9.94,10.03,9.85,9.89,68302321.0,0.2222222222222014
2022-08-11,9.9,10.16,9.87,10.12,139930361.0,-1.279693486590022
2022-08-12,10.05,10.17,10.0,10.15,82050356.0,-0.0405679513184688
2022-08-15,10.08,10.13,9.91,9.93,117201000.0,1.5828877005347688
2022-08-16,9.93,10.0,9.92,9.94,63122370.0,-0.31818181818181146
2022-08-17,9.96,10.18,9.89,10.17,134850658.0,-1.431034482758633
2022-08-18,10.23,10.28,9.97,10.04,126970094.0,1.4794215795328234
2022-08-19,10.06,10.45,10.03,10.3,210641724.0,-0.8341013824884936
2022-08-22,10.31,10.39,10.17,10.25,113807658.0,0.5584415584415665
2022-08-23,10.21,10.24,10.07,10.12,92146307.0,0.13903743315509104
2022-08-24,10.11,10.28,10.11,10.17,129537533.0,-0.11764705882354787
2022-08-25,10.17,10.38,10.08,10.35,106401061.0,-1.0941176470588103
2022-08-26,10.39,10.45,10.21,10.34,92763426.0,0.7166666666666608
2022-08-29,10.25,10.3,10.09,10.18,92449065.0,0.22619047619047977
2022-08-30,10.19,10.28,10.07,10.23,79971238.0,-0.6666666666666795
2022-08-31,10.15,10.48,10.13,10.45,165304158.0,-0.30476190476189
2022-09-01,10.37,10.49,10.31,10.34,86198195.0,1.4952380952380953
2022-09-02,10.35,10.4,10.19,10.26,78636281.0,-0.33333333333334
2022-09-05,10.21,10.33,10.14,10.3,63203998.0,-1.0175438596491286
2022-09-06,10.31,10.38,10.19,10.25,73129499.0,1.0526315789473735
2022-09-07,10.18,10.18,10.07,10.11,97981281.0,-0.09569377990429351
2022-09-08,10.1,10.2,10.08,10.13,62111692.0,-0.10606060606063508
2022-09-09,10.17,10.44,10.13,10.43,195129731.0,-1.1021505376343923
2022-09-13,10.56,10.67,10.38,10.62,172268989.0,0.28031145717464545
2022-09-14,10.45,10.55,10.41,10.44,85803584.0,1.2266009852216797
2022-09-15,10.49,10.74,10.47,10.66,184101788.0,-0.9788359788359882
2022-09-16,10.59,10.62,10.3,10.3,135744781.0,1.4074074074074059
2022-09-19,10.28,10.39,10.23,10.3,63212104.0,-0.8750000000000028
2022-09-20,10.34,10.35,10.1,10.12,88998853.0,0.7150000000000062
2022-09-21,10.09,10.23,10.0,10.19,68419739.0,-1.4921739130434744
2022-09-22,10.11,10.13,10.04,10.08,58613338.0,0.7632850241545776
2022-09-23,10.03,10.19,10.03,10.08,58644106.0,0.26388888888888495
2022-09-26,9.97,10.07,9.83,9.84,90372904.0,0.5416666666666768
2022-09-27,9.84,9.97,9.68,9.96,78962229.0,-1.8477011494252908
2022-09-28,9.91,10.04,9.77,9.93,78092558.0,0.7458492975734342
2022-09-29,10.04,10.07,9.69,9.72,91771804.0,1.0272904483430771
2022-09-30,9.73,9.8,9.7,9.71,53723019.0,-0.042105263157917405
2022-10-10,9.59,9.65,9.39,9.4,96608018.0,0.12307692307695306
2022-10-11,9.46,9.49,9.35,9.41,41525337.0,-0.7802197802197854
2022-10-12,9.39,9.53,9.3,9.51,55957243.0,-0.968944099378881
2022-10-13,9.44,9.46,9.27,9.3,85261597.0,1.5102974828375215
2022-10-14,9.39,9.53,9.35,9.45,109606158.0,-0.7953216374268886
2022-10-17,9.36,9.44,9.3,9.41,102482271.0,-0.4603174603174679
2022-10-18,9.47,9.54,9.39,9.41,94683709.0,1.3047619047619134
2022-10-19,9.36,9.42,9.25,9.26,92398968.0,0.1490196078431365
2022-10-20,9.21,9.27,9.15,9.18,78192323.0,-0.38235294117646557
2022-10-21,9.19,9.22,9.08,9.09,78557429.0,0.3571428571428533
2022-10-24,9.09,9.1,8.7,8.71,138339065.0,0.09285714285713143
2022-10-25,8.77,8.86,8.69,8.73,131697940.0,-0.4205882352941209
2022-10-26,8.72,8.8,8.7,8.74,114382988.0,-0.32941176470587835
2022-10-27,8.77,8.83,8.74,8.76,95738346.0,0.35555555555557145
2022-10-28,8.71,8.77,8.53,8.54,105794701.0,0.36111111111110417
2022-10-31,8.47,8.57,8.38,8.48,98309569.0,-0.969298245614036
2022-11-01,8.51,8.76,8.49,8.75,138123413.0,-0.8732943469785599
2022-11-02,8.7,8.76,8.59,8.71,130298818.0,0.5141612200435621
2022-11-03,8.64,8.67,8.51,8.56,98353561.0,0.7867647058823569
2022-11-04,8.53,8.89,8.52,8.87,177611223.0,-1.2668918918918766
2022-11-07,8.86,8.94,8.8,8.92,98808204.0,0.17760617760616693
2022-11-08,8.93,8.95,8.84,8.89,58322205.0,0.8051948051947913
2022-11-09,8.89,9.08,8.87,8.93,83210685.0,0.3376623376623529
2022-11-10,8.85,8.94,8.76,8.91,55202119.0,-1.0952380952380993
2022-11-11,9.12,9.56,9.03,9.37,254507055.0,0.38364779874214827
2022-11-14,9.59,10.07,9.59,9.8,387208410.0,0.40801886792452224
2022-11-15,9.72,9.99,9.7,9.85,157390134.0,-0.15948275862068603
2022-11-16,9.81,9.88,9.67,9.69,127869288.0,0.8440065681445031
2022-11-17,9.68,9.71,9.49,9.58,109104716.0,-0.6277056277056288
2022-11-18,9.62,9.66,9.49,9.5,86809329.0,0.7005347593582876
2022-11-21,9.41,9.43,9.2,9.39,104773707.0,-1.5345268542199593
2022-11-22,9.39,9.78,9.38,9.69,149132388.0,0.10217391304348722
2022-11-23,9.66,9.88,9.61,9.69,124765653.0,0.957407407407409
2022-11-24,9.77,9.83,9.58,9.65,79671882.0,0.0325925925925879
2022-11-25,9.67,10.03,9.65,9.98,176072817.0,-1.1768421052631606
2022-11-28,9.76,9.77,9.58,9.68,133156295.0,0.6842105263157954
2022-11-29,9.97,10.65,9.94,10.65,474927650.0,-0.9473684210526325
2022-11-30,10.58,10.94,10.51,10.68,320962830.0,1.2093023255813953
2022-12-01,10.97,11.2,10.71,10.74,200268883.0,0.6682486948267703
2022-12-02,10.77,10.78,10.4,10.58,140420278.0,-0.824919441460798
2022-12-05,10.73,11.12,10.67,11.09,228762742.0,-0.9192982456140367
2022-12-06,10.94,11.2,10.86,11.01,125257891.0,0.9843137254901962
2022-12-07,10.93,10.96,10.68,10.78,137737690.0,0.1680672268907642
2022-12-08,10.78,11.08,10.76,10.95,106572280.0,-0.473214285714287
2022-12-09,10.99,11.27,10.94,11.23,161583192.0,-0.5700757575757669
2022-12-12,11.13,11.13,10.71,10.75,139258428.0,1.5670995670995764
2022-12-13,10.78,10.95,10.77,10.85,90228513.0,-0.6984126984127046
2022-12-14,10.85,10.99,10.72,10.85,97406110.0,-0.07407407407406602
2022-12-15,10.77,10.89,10.61,10.74,83534926.0,0.034391534391526736
2022-12-16,10.67,10.99,10.67,10.94,92425167.0,-0.7589285714285655
2022-12-19,10.93,11.04,10.62,10.69,103086606.0,1.3541666666666612
2022-12-20,10.63,10.72,10.39,10.46,89621223.0,-0.09090909090909116
2022-12-21,10.53,10.65,10.44,10.57,61458964.0,-0.8138528138528147
2022-12-22,10.66,10.78,10.58,10.62,67239430.0,0.8380952380952476
2022-12-23,10.53,10.71,10.49,10.64,56442641.0,-0.9636363636363701
2022-12-26,10.65,10.69,10.42,10.47,79711987.0,0.9932659932659866
2022-12-27,10.55,10.84,10.55,10.75,88600412.0,-1.0089399744572092
2022-12-28,10.79,10.97,10.66,10.77,79119198.0,0.6696329254727514
2022-12-29,10.71,10.76,10.53,10.68,66689009.0,-0.5946704067321233
2022-12-30,10.69,10.89,10.62,10.79,81803598.0,0.04508856682770479
2023-01-03,10.82,11.35,10.7,11.29,219412794.0,-0.5561253561253615
2023-01-04,11.24,11.82,11.17,11.74,218968253.0,0.06153846153846021
2023-01-05,11.81,12.08,11.78,11.87,166542518.0,1.153846153846156
2023-01-06,11.89,12.07,11.87,11.99,119574471.0,-0.6000000000000059
2023-01-09,12.09,12.2,11.9,12.13,105765911.0,-0.3333333333333381
2023-01-10,12.1,12.21,11.8,11.84,126942339.0,1.3382113821138337
2023-01-11,11.85,12.12,11.8,12.03,83056612.0,-1.2423780487804903
2023-01-12,12.11,12.11,11.91,12.03,62569484.0,0.23750000000000182
2023-01-13,12.03,12.26,11.93,12.26,94908583.0,-0.8000000000000036
2023-01-16,12.26,12.53,12.17,12.36,156003989.0,0.9444444444444455
2023-01-17,12.4,12.44,12.11,12.27,93583454.0,0.08585858585858411
2023-01-18,12.26,12.44,12.22,12.39,71843403.0,-0.5757575757575824
2023-01-19,12.4,12.5,12.19,12.37,64187520.0,0.3841642228739113
2023-01-20,12.43,12.49,12.3,12.4,60859008.0,0.10865874363327402
2023-01-30,12.79,12.9,12.21,12.42,137431750.0,0.4439359267734566
2023-01-31,12.49,12.71,12.26,12.29,103049784.0,0.4753623188405806
2023-02-01,12.32,12.36,11.9,12.05,165342148.0,-0.518840579710151
2023-02-02,12.08,12.12,11.7,11.97,157790039.0,-0.6335403726708113
2023-02-03,11.85,11.93,11.61,11.74,124638298.0,0.4732142857142882
2023-02-06,11.56,11.58,11.36,11.48,131761010.0,-0.2784090909090926
2023-02-07,11.53,11.74,11.5,11.65,86946046.0,-0.15909090909090506
2023-02-08,11.67,11.74,11.5,11.51,65789257.0,1.1666666666666703
2023-02-09,11.49,11.72,11.44,11.58,83035002.0,-0.9166666666666685
2023-02-10,11.56,11.58,11.36,11.46,84728366.0,0.09090909090908063
2023-02-13,11.43,11.43,11.15,11.33,180005416.0,-0.37662337662336726
2023-02-14,11.35,11.46,11.31,11.44,90993709.0,-0.4476190476190293
2023-02-15,11.44,11.44,11.17,11.21,125024398.0,1.4370370370370122
2023-02-16,11.21,11.4,11.07,11.15,127912329.0,-0.1885521885521816
2023-02-17,11.17,11.25,11.01,11.01,91836369.0,0.4848484848484852
2023-02-20,11.07,11.6,11.06,11.6,211619117.0,-2.0
2023-02-21,11.53,11.64,11.41,11.56,99049499.0,0.6956521739130428
2023-02-22,11.48,11.58,11.43,11.49,63892239.0,0.5043478260869525
2023-02-23,11.48,11.74,11.46,11.52,82449068.0,0.3714285714285843
2023-02-24,11.49,11.5,11.31,11.36,72998904.0,-0.09774436090225397
2023-02-27,11.27,11.38,11.21,11.22,62146193.0,0.40866873065014736
2023-02-28,11.27,11.35,11.16,11.3,60793592.0,-1.3560371517027987
2023-03-01,11.31,11.63,11.26,11.62,122345178.0,-0.47226173541961197
2023-03-02,11.58,11.84,11.53,11.67,101587684.0,1.0427201394943224
2023-03-03,11.76,11.78,11.59,11.71,69095439.0,-0.3599320882852407
2023-03-06,11.72,11.72,11.25,11.35,145582414.0,0.8376259798432408
2023-03-07,11.35,11.56,11.19,11.22,127926629.0,0.26336975273144714
2023-03-08,11.17,11.18,10.99,11.09,109689791.0,-0.8904694167851996
2023-03-09,11.1,11.13,10.76,10.82,173606476.0,0.7283072546230414
2023-03-10,10.66,10.88,10.66,10.77,85699610.0,-0.6756756756756658
2023-03-13,10.76,10.9,10.66,10.7,100063496.0,0.666666666666666
2023-03-14,10.65,10.66,10.44,10.55,114907558.0,-0.6666666666666822
2023-03-15,10.7,10.8,10.61,10.7,97936372.0,0.05263157894738437
2023-03-16,10.57,10.68,10.49,10.51,91679249.0,0.736842105263154
2023-03-17,10.65,10.69,10.37,10.45,155681414.0,-0.2894736842105302
2023-03-20,10.46,10.53,10.29,10.3,118881633.0,0.41666666666665375
2023-03-21,10.37,10.48,10.25,10.41,84074317.0,-1.3079710144927392
2023-03-22,10.45,10.56,10.42,10.49,87669077.0,0.3913043478260856
2023-03-23,10.41,10.58,10.35,10.58,80430604.0,-1.0
2023-03-24,10.53,10.54,10.46,10.51,62151875.0,0.75
2023-03-27,10.49,10.5,10.21,10.33,100842214.0,0.42241379310345123
2023-03-28,10.38,10.44,10.29,10.36,67386843.0,-0.10574712643678615
2023-03-29,10.44,10.44,10.25,10.27,59606433.0,0.7228070175438651
2023-03-30,10.29,10.42,10.17,10.39,82454624.0,-1.5494736842105352
2023-03-31,10.4,10.47,10.26,10.27,86549166.0,1.6647619047619124
2023-04-03,10.29,10.4,10.21,10.39,74042886.0,-1.7994987468671724
2023-04-04,10.36,10.43,10.32,10.37,64745722.0,0.9856459330143708
2023-04-06,10.33,10.34,10.25,10.31,56332130.0,-0.42424242424245207
2023-04-07,10.3,10.4,10.25,10.35,60792526.0,2.1038726316646716e-14
2023-04-10,10.36,10.41,10.31,10.39,64018181.0,-0.26666666666668165
2023-04-11,10.41,10.43,10.26,10.28,77777962.0,1.3647058823529532
2023-04-12,10.31,10.32,10.21,10.23,90995706.0,-0.12834224598930388
2023-04-13,10.17,10.39,10.08,10.3,113159146.0,-1.0557184750733215
2023-04-14,10.33,10.58,10.31,10.4,129799484.0,0.7526881720430125
2023-04-17,10.38,10.61,10.33,10.6,130421259.0,-1.2619047619047632
2023-04-18,10.6,10.82,10.57,10.66,153893615.0,1.208571428571431
2023-04-19,10.67,10.71,10.52,10.53,101437815.0,0.614736842105265
2023-04-20,10.58,10.58,10.35,10.45,81178841.0,-0.7643020594965658
2023-04-21,10.41,10.52,10.23,10.25,91866839.0,0.7316341829085435
2023-04-24,10.23,10.25,9.86,9.92,146767192.0,-0.1697612732095537
2023-04-25,9.95,10.14,9.94,10.07,130190082.0,-0.992307692307691
2023-04-26,10.04,10.04,9.83,9.94,99126040.0,0.25238095238095404
2023-04-27,9.89,10.12,9.84,10.05,100409337.0,-0.45238095238096276
2023-04-28,10.05,10.48,10.02,10.29,144525434.0,0.3260869565217527
2023-05-04,10.17,10.52,9.99,10.44,147826438.0,-0.5242001640689123
2023-05-05,10.48,10.75,10.45,10.58,176218865.0,0.8314465408804994
2023-05-08,10.61,11.06,10.53,10.92,263071861.0,-0.6050314465408764
2023-05-09,10.99,11.15,10.76,10.79,242253445.0,1.3178519593613958
2023-05-10,10.8,10.87,10.49,10.53,123705339.0,-0.056680161943319485
2023-05-11,10.62,10.76,10.49,10.53,90375844.0,-0.08576998050682061
2023-05-12,10.51,10.55,10.34,10.35,88560368.0,0.2010582010581976
2023-05-15,10.39,10.53,10.21,10.52,92832563.0,-1.8422619047619082
2023-05-16,10.49,10.59,10.3,10.35,99830169.0,1.5926724137931108
2023-05-17,10.31,10.36,10.2,10.24,75462120.0,-0.15517241379312086
2023-05-18,10.3,10.36,10.19,10.24,68718687.0,-0.08823529411764458
2023-05-19,10.19,10.2,10.1,10.12,68841368.0,0.18823529411766277
2023-05-22,10.09,10.21,10.09,10.15,54932785.0,-0.6000000000000071
2023-05-23,10.15,10.17,10.01,10.01,69436436.0,1.0
2023-05-24,10.0,10.01,9.85,9.85,82425088.0,-0.0
2023-05-25,9.83,9.84,9.68,9.78,88274430.0,-1.2499999999999944
2023-05-26,9.78,9.94,9.71,9.92,51142864.0,-0.5760869565217474
2023-05-29,9.93,9.94,9.8,9.82,56607382.0,1.5403726708074599
2023-05-30,9.82,9.83,9.67,9.73,76399692.0,-0.4642857142857235
2023-05-31,9.69,9.71,9.49,9.51,117958671.0,0.5681818181818281
2023-06-01,9.51,9.58,9.43,9.5,74302293.0,-0.7515151515151575
2023-06-02,9.58,9.81,9.54,9.78,122184253.0,-0.8444444444444356
2023-06-05,9.74,9.84,9.69,9.76,52184619.0,0.8444444444444356
2023-06-06,9.76,9.91,9.69,9.71,83327347.0,0.7515151515151414
2023-06-07,9.75,9.89,9.74,9.79,64369784.0,-0.48484848484845733
2023-06-08,9.8,10.0,9.72,9.94,86939712.0,-0.904761904761916
2023-06-09,9.89,9.91,9.71,9.74,131528476.0,1.2714285714285722
2023-06-12,9.69,9.76,9.64,9.67,75874703.0,-0.19999999999999785
2023-06-13,9.64,9.71,9.58,9.65,84998805.0,-0.5769230769230822
2023-06-14,9.7,9.85,9.63,9.64,106920004.0,0.9860139860139854
2023-06-15,9.65,9.77,9.57,9.75,92530056.0,-1.709090909090914
2023-06-16,9.75,9.8,9.72,9.77,84203365.0,0.5500000000000314
2023-06-19,9.77,9.77,9.59,9.62,95399707.0,0.9166666666666455
2023-06-20,9.61,9.63,9.54,9.54,54455079.0,0.3333333333333267
2023-06-21,9.54,9.64,9.53,9.54,61658296.0,-0.181818181818176
2023-06-26,9.49,9.49,9.37,9.39,67657743.0,-0.15151515151517703
2023-06-27,9.41,9.51,9.38,9.48,46170178.0,-1.2051282051281917
2023-06-28,9.48,9.52,9.43,9.49,36539644.0,0.2051282051281983
2023-06-29,9.49,9.49,9.38,9.39,48590630.0,1.1515151515151676
2023-06-30,9.39,9.5,9.37,9.43,51905258.0,-0.7412587412587464
2023-07-03,9.44,9.69,9.43,9.65,88509071.0,-0.7692307692307734
2023-07-04,9.63,9.65,9.51,9.58,61630056.0,0.6923076923076986
2023-07-05,9.54,9.58,9.49,9.53,42348240.0,0.11111111111112866
2023-07-06,9.49,9.53,9.42,9.44,59709591.0,0.5252525252525135
2023-07-07,9.41,9.47,9.39,9.41,48444083.0,-0.13636363636363114
2023-07-10,9.45,9.48,9.38,9.41,49588228.0,-0.10000000000000042
2023-07-11,9.43,9.46,9.4,9.42,57080909.0,-0.0666666666666576
2023-07-12,9.43,9.54,9.43,9.44,73608367.0,0.48484848484846804
2023-07-13,9.51,9.64,9.47,9.6,112422973.0,-1.3475935828876924
2023-07-14,9.6,9.7,9.58,9.63,71914699.0,0.6960784313725207
2023-07-17,9.59,9.59,9.46,9.5,60834258.0,0.21794871794874363
2023-07-18,9.49,9.51,9.43,9.45,47196618.0,0.11538461538461808
2023-07-19,9.43,9.51,9.43,9.5,38219596.0,-1.2500000000000167
2023-07-20,9.52,9.61,9.49,9.51,55406957.0,1.4166666666666772
2023-07-21,9.5,9.57,9.48,9.53,37710256.0,-0.7777777777777608
2023-07-24,9.52,9.52,9.44,9.46,42685218.0,0.6111111111110559
2023-07-25,9.62,9.85,9.61,9.85,203295819.0,-1.4999999999999667
2023-07-26,9.79,9.86,9.71,9.8,75166268.0,0.7999999999999905
2023-07-27,9.81,9.97,9.79,9.87,111519586.0,0.31111111111112716
2023-07-28,9.82,10.33,9.8,10.3,234701346.0,-0.9979035639413086
2023-07-31,10.33,10.5,10.27,10.35,185495239.0,1.1911402789171481
2023-08-01,10.3,10.39,10.19,10.22,95773478.0,0.395652173913033
2023-08-02,10.13,10.28,10.02,10.11,111590004.0,-0.392307692307682
2023-08-03,10.07,10.39,10.04,10.36,117584771.0,-1.136263736263731
2023-08-04,10.43,10.53,10.26,10.33,130313102.0,1.3100529100529013
2023-08-07,10.26,10.29,10.18,10.22,64691326.0,-0.2087542087542264
2023-08-08,10.18,10.26,10.08,10.17,72570456.0,-0.27272727272725217
2023-08-09,10.13,10.25,10.12,10.22,57760774.0,-0.5384615384615511
2023-08-10,10.21,10.26,10.13,10.22,47559453.0,0.15384615384615807
2023-08-11,10.22,10.31,9.99,9.99,94353857.0,1.384615384615393
2023-08-14,9.88,9.9,9.74,9.8,97592018.0,-0.7500000000000056
2023-08-15,9.82,9.91,9.75,9.85,71281277.0,-0.4999999999999889
2023-08-16,9.8,9.96,9.75,9.85,57290437.0,0.29761904761904934
2023-08-17,9.8,9.83,9.63,9.72,96505775.0,0.05238095238094336
2023-08-18,9.73,9.86,9.69,9.71,65981885.0,0.664705882352927
2023-08-21,9.71,9.73,9.51,9.51,70149785.0,0.23529411764707475
2023-08-22,9.56,9.62,9.5,9.55,60680809.0,-0.8333333333333506
2023-08-23,9.54,9.59,9.44,9.45,69180998.0,0.7000000000000204
2023-08-24,9.49,9.51,9.28,9.35,129127070.0,-0.4753623188405842
2023-08-25,9.33,9.52,9.31,9.43,84534992.0,-0.534161490683226
2023-08-28,9.95,10.02,9.65,9.68,199760987.0,0.9806949806949814
2023-08-29,9.64,9.65,9.35,9.5,196496143.0,-0.8378378378378409
2023-08-30,9.47,9.47,9.35,9.35,137563829.0,1.0
2023-08-31,9.36,9.43,9.34,9.35,80647403.0,-0.22222222222221788
2023-09-01,9.4,9.54,9.4,9.51,113870483.0,-1.349206349206359
2023-09-04,9.54,9.74,9.52,9.71,141002923.0,-0.155844155844157
2023-09-05,9.66,9.67,9.54,9.57,80417716.0,1.2657342657342576
2023-09-06,9.52,9.63,9.49,9.6,63484051.0,-1.1098901098900806
2023-09-07,9.58,9.61,9.51,9.52,54004157.0,1.3714285714285606
2023-09-08,9.48,9.51,9.43,9.47,47902967.0,-0.8000000000000258
2023-09-11,9.49,9.58,9.47,9.53,65448558.0,-0.09090909090905108
2023-09-12,9.54,9.54,9.45,9.48,49548506.0,0.4242424242423803
2023-09-13,9.49,9.51,9.42,9.45,49021797.0,3.9468428525424315e-14
2023-09-14,9.48,9.52,9.45,9.49,55165017.0,-0.4761904761905111
2023-09-15,9.54,9.58,9.41,9.43,89047613.0,0.9075630252101108
2023-09-18,9.43,9.44,9.36,9.43,50132501.0,-1.5147058823529518
2023-09-19,9.43,9.43,9.38,9.42,50366432.0,0.15000000000000557
2023-09-20,9.41,9.43,9.37,9.37,55887241.0,1.6
2023-09-21,9.36,9.36,9.28,9.28,84393011.0,-0.0
2023-09-22,9.27,9.45,9.27,9.44,91148430.0,-1.888888888888891
2023-09-25,9.44,9.51,9.4,9.43,76121125.0,1.3434343434343545
2023-09-26,9.43,9.46,9.36,9.38,44498035.0,0.1454545454545153
2023-09-27,9.37,9.43,9.37,9.38,49031061.0,0.06666666666663867
2023-09-28,9.4,9.44,9.39,9.41,52069678.0,-0.4666666666666173
2023-10-09,9.38,9.38,9.29,9.33,69582809.0,-0.08888888888889329
2023-10-10,9.4,9.41,9.26,9.26,82074851.0,0.8888888888888933
2023-10-11,9.32,9.32,9.21,9.22,72411569.0,-0.18181818181817888
2023-10-12,9.33,9.38,9.28,9.33,85305750.0,-0.8181818181818211
2023-10-13,9.27,9.3,9.2,9.24,68448308.0,0.1999999999999929
2023-10-16,9.24,9.27,9.2,9.25,50162432.0,-0.628571428571436
2023-10-17,9.25,9.28,9.21,9.26,49352505.0,1.454392162258955e-14
2023-10-18,9.23,9.26,9.17,9.2,65182492.0,0.761904761904775
2023-10-19,9.17,9.17,8.9,8.91,118896083.0,0.5925925925925809
2023-10-20,8.86,8.96,8.83,8.91,52613912.0,-1.1566951566951518
2023-10-23,8.9,8.91,8.76,8.82,53040448.0,0.4307692307692197
2023-10-24,8.86,8.91,8.77,8.86,76065269.0,-0.4857142857142738
2023-10-25,8.83,8.86,8.7,8.72,141144968.0,1.0357142857142618
2023-10-26,8.66,8.75,8.65,8.75,59999147.0,-1.7499999999999833
2023-10-27,8.72,8.8,8.68,8.78,91977136.0,0.333333333333353
2023-10-30,8.74,8.8,8.7,8.78,80568955.0,0.06666666666666832
2023-10-31,8.76,8.81,8.75,8.79,65285523.0,0.2666666666666848
2023-11-01,8.86,8.87,8.78,8.8,56730035.0,0.8888888888888187
2023-11-02,8.82,8.91,8.8,8.8,61942995.0,0.4444444444444752
2023-11-03,8.81,8.84,8.76,8.8,70546347.0,-1.0000000000000222
2023-11-06,8.83,8.98,8.83,8.98,100706221.0,-0.9999999999999778
2023-11-07,8.96,8.96,8.89,8.91,64086612.0,1.428571428571443
2023-11-08,8.89,8.91,8.78,8.82,87781875.0,-0.043956043956069
2023-11-09,8.79,8.84,8.76,8.81,63913648.0,-0.6346153846153908
2023-11-10,8.78,8.8,8.65,8.65,104504417.0,1.2500000000000167
2023-11-13,8.66,8.68,8.59,8.61,77004310.0,-0.44444444444443565
2023-11-14,8.6,8.68,8.59,8.63,59685888.0,-0.4444444444444752
2023-11-15,8.71,8.78,8.69,8.71,110914015.0,0.44444444444443565
2023-11-16,8.72,8.73,8.59,8.6,92262194.0,0.30158730158733593
2023-11-17,8.59,8.61,8.5,8.53,90336217.0,-0.4025974025973974
2023-11-20,8.53,8.59,8.49,8.56,63952831.0,-0.854545454545474
2023-11-21,8.59,8.7,8.59,8.64,104116573.0,0.49090909090908397
2023-11-22,8.62,8.66,8.52,8.54,73748951.0,0.6233766233766482
2023-11-23,8.53,8.54,8.46,8.53,84665587.0,-1.4642857142857215
2023-11-24,8.49,8.51,8.47,8.49,68469456.0,0.75
2023-11-27,8.48,8.48,8.38,8.41,83618785.0,0.4000000000000107
2023-11-28,8.39,8.42,8.36,8.36,78617469.0,0.5999999999999893
2023-11-29,8.36,8.38,8.15,8.17,146759662.0,-0.17391304347825687
2023-11-30,8.14,8.17,8.08,8.13,90176457.0,-0.9371980676328718
2023-12-01,8.11,8.13,8.05,8.12,77805699.0,-0.6388888888888324
2023-12-04,8.12,8.13,8.07,8.09,60543785.0,1.0833333333333142
2023-12-05,8.07,8.08,7.96,7.96,78737848.0,0.666666666666647
2023-12-06,7.93,8.04,7.9,7.98,75305592.0,-1.1428571428571537
2023-12-07,7.97,7.97,7.88,7.93,58538019.0,0.03174603174604482
2023-12-08,7.91,7.94,7.81,7.81,102115150.0,1.111111111111109
2023-12-11,7.75,7.88,7.67,7.86,113366281.0,-1.8095238095238135
2023-12-12,7.82,7.98,7.81,7.91,85501642.0,0.6330532212885188
2023-12-13,7.88,7.89,7.69,7.7,106130165.0,1.0764705882352965
2023-12-14,7.74,7.8,7.69,7.69,74290056.0,0.0999999999999982
2023-12-15,7.73,7.86,7.72,7.74,98893942.0,-0.28571428571429114
2023-12-18,7.71,7.76,7.64,7.67,65442562.0,-0.21428571428571258
2023-12-19,7.66,7.7,7.62,7.65,64407088.0,-0.25000000000000183
2023-12-20,7.65,7.69,7.59,7.59,71563363.0,0.7500000000000056
2023-12-21,7.57,7.72,7.55,7.7,101704676.0,-1.764705882352946
2023-12-22,7.72,7.8,7.65,7.73,100564502.0,0.6980392156862747
2023-12-25,7.71,7.73,7.68,7.72,41397088.0,-0.5333333333333072
2023-12-26,7.72,7.73,7.62,7.65,54189633.0,1.0545454545454302
2023-12-27,7.65,7.67,7.58,7.66,64153435.0,-1.2323232323232336
2023-12-28,7.65,7.96,7.63,7.94,166159184.0,-0.10101010101009933
2023-12-29,7.91,7.96,7.86,7.89,85385279.0,1.2787878787878921
2024-01-02,7.89,7.91,7.74,7.74,115836645.0,0.5999999999999893
2024-01-03,7.72,7.75,7.69,7.73,73361031.0,-1.3333333333333433
2024-01-04,7.72,7.72,7.63,7.65,86419399.0,0.8888888888888877
2024-01-05,7.65,7.93,7.62,7.79,199162216.0,-0.6523297491039326
2024-01-08,7.75,7.81,7.65,7.69,112115619.0,0.5967741935483852
2024-01-09,7.7,7.72,7.64,7.71,76619388.0,-1.2500000000000027
2024-01-10,7.7,7.72,7.64,7.64,85862091.0,1.7500000000000056
2024-01-11,7.63,7.75,7.59,7.7,93468637.0,-1.3750000000000027
2024-01-12,7.67,7.79,7.65,7.72,77258215.0,0.3750000000000091
2024-01-15,7.7,7.8,7.67,7.74,74513266.0,-0.07692307692308852
2024-01-16,7.72,7.86,7.7,7.85,143831258.0,-0.7980769230769095
2024-01-17,7.84,7.89,7.75,7.75,148229621.0,1.8749999999999916
2024-01-18,7.74,7.76,7.56,7.73,175513247.0,-1.7000000000000066
2024-01-19,7.7,7.73,7.65,7.7,96398142.0,0.45000000000001217
2024-01-22,7.7,7.78,7.59,7.65,158031966.0,0.6184210526315694
2024-01-23,7.6,7.71,7.53,7.7,113554458.0,-1.257309941520466
2024-01-24,7.75,7.85,7.62,7.84,175912316.0,-0.02415458937198023
2024-01-25,7.84,8.01,7.79,7.98,216251395.0,0.18577075098813856
2024-01-26,7.96,8.12,7.93,8.08,227228706.0,0.1483253588516722
2024-01-29,8.14,8.3,8.05,8.15,237625184.0,0.7789473684210634
2024-01-30,8.07,8.15,7.97,7.98,157912214.0,0.6888888888888789
2024-01-31,7.95,8.03,7.88,7.95,135721747.0,-0.8222222222222222
2024-02-01,7.91,7.96,7.85,7.91,105525987.0,-0.15757575757575634
2024-02-02,7.91,7.96,7.62,7.79,163421431.0,0.09090909090909678
2024-02-05,7.72,7.92,7.65,7.88,180359190.0,-0.7037037037037029
2024-02-06,7.81,8.13,7.8,8.13,199540954.0,-0.29629629629629706
2024-02-07,8.08,8.12,7.96,8.07,206201497.0,0.6249999999999896
2024-02-08,8.05,8.12,8.0,8.12,165681384.0,-0.6249999999999896
2024-02-19,8.2,8.24,8.11,8.24,160524265.0,-0.0
2024-02-20,8.22,8.27,8.17,8.25,112356398.0,0.3999999999999929
2024-02-21,8.22,9.07,8.21,9.07,505528460.0,-0.3999999999999929
2024-02-22,8.95,9.17,8.92,9.16,492232512.0,0.0799999999999983
2024-02-23,9.14,9.44,9.11,9.12,356747950.0,1.8593939393939425
2024-02-26,9.06,9.14,8.82,8.85,286260888.0,-0.12689393939393656
2024-02-27,8.81,8.91,8.79,8.82,198190492.0,-0.31250000000001893
2024-02-28,8.83,8.99,8.74,8.81,308269265.0,-0.05999999999998745
2024-02-29,8.75,8.9,8.75,8.9,184534423.0,-1.4399999999999977
2024-03-01,8.9,8.91,8.76,8.81,182810290.0,1.3333333333333255
2024-03-04,8.78,8.82,8.67,8.68,165592954.0,0.5333333333333443
2024-03-05,8.65,8.8,8.62,8.76,181731907.0,-1.422222222222219
2024-03-06,8.74,8.78,8.68,8.68,134564016.0,1.5555555555555491
2024-03-07,8.68,8.94,8.68,8.72,201616589.0,-0.30769230769231504
2024-03-08,8.7,8.77,8.65,8.72,111397428.0,-0.8589743589743639
2024-03-11,8.72,8.8,8.69,8.8,121067298.0,-0.833333333333321
2024-03-12,8.8,8.9,8.75,8.87,164126237.0,0.40000000000001423
2024-03-13,8.85,8.86,8.65,8.68,176803911.0,1.3142857142857047
2024-03-14,8.65,8.72,8.57,8.59,140939973.0,0.019047619047620534
2024-03-15,8.86,9.03,8.82,8.91,375020789.0,-0.5904761904761991
2024-03-18,8.87,8.91,8.81,8.86,167139651.0,-0.14285714285712267
2024-03-19,8.85,8.86,8.73,8.74,129321558.0,0.8461538461538305
2024-03-20,8.72,8.8,8.71,8.78,87266316.0,-1.4017094017093732
2024-03-21,8.78,8.84,8.75,8.8,86446625.0,0.4444444444443962
2024-03-22,8.78,8.78,8.66,8.7,102814174.0,0.44444444444447184
2024-03-25,8.7,8.81,8.67,8.74,95320221.0,-0.3333333333333432
2024-03-26,8.78,8.96,8.75,8.91,174002146.0,-0.523809523809519
2024-03-27,8.87,8.93,8.83,8.85,127413599.0,1.123809523809526
2024-03-28,8.83,8.88,8.72,8.81,130218892.0,-0.7250000000000043
2024-03-29,8.78,8.88,8.76,8.84,87275898.0,-0.20833333333332626
2024-04-01,8.84,8.95,8.83,8.94,119108796.0,-0.5000000000000123
2024-04-02,8.93,8.97,8.85,8.86,108545826.0,1.666666666666674
2024-04-03,8.85,8.86,8.75,8.79,98184585.0,-0.5606060606060538
2024-04-08,8.75,8.81,8.71,8.76,90636052.0,-0.2727272727272667
2024-04-09,8.76,8.8,8.7,8.74,85715673.0,0.19999999999997514
2024-04-10,8.72,8.75,8.63,8.64,124639082.0,0.6333333333333429
2024-04-11,8.6,8.65,8.5,8.61,101021340.0,-1.2999999999999914
2024-04-12,8.59,8.63,8.43,8.45,130545371.0,1.266666666666661
2024-04-15,8.46,8.67,8.45,8.65,145320260.0,-1.618181818181828
2024-04-16,8.64,8.73,8.59,8.64,147803643.0,1.103896103896101
2024-04-17,8.62,8.93,8.58,8.92,223264057.0,-1.2285714285714224
2024-04-18,8.89,9.27,8.87,9.07,316591426.0,0.9428571428571396
2024-04-19,9.0,9.09,8.96,8.98,145767502.0,0.692307692307701
2024-04-22,8.94,9.08,8.78,8.82,200981837.0,0.04102564102563133
2024-04-23,8.83,8.95,8.79,8.86,124002700.0,-0.6083333333333306
2024-04-24,8.84,8.88,8.79,8.85,94156774.0,-0.4583333333333174
2024-04-25,8.82,8.92,8.8,8.91,111381224.0,-0.5000000000000157
2024-04-26,8.9,8.96,8.8,8.91,160762751.0,0.45833333333334414
2024-04-29,8.87,9.16,8.84,9.08,216917737.0,-0.12500000000000833
2024-04-30,9.07,9.14,9.01,9.07,132455653.0,0.5769230769230749
2024-05-06,9.21,9.33,9.11,9.15,178410057.0,0.5594405594405543
2024-05-07,9.13,9.15,9.04,9.14,108705665.0,-1.454545454545453
2024-05-08,9.11,9.14,9.0,9.01,122179127.0,1.6753246753246849
2024-05-09,9.0,9.09,9.0,9.04,106946063.0,-0.7460317460317321
2024-05-10,9.05,9.21,9.04,9.19,176783561.0,-0.8758169934640564
2024-05-13,9.16,9.25,9.08,9.22,140249860.0,0.11764705882350857
2024-05-14,9.24,9.29,9.14,9.17,107578391.0,1.2470588235294238
2024-05-15,9.16,9.17,9.08,9.1,86829660.0,-0.0444444444444404
2024-05-16,9.12,9.42,9.1,9.38,307629165.0,-1.30555555555557
2024-05-17,9.39,9.59,9.35,9.59,284174885.0,-0.24999999999999445
2024-05-20,9.6,9.69,9.5,9.56,217021030.0,1.368421052631572
2024-05-21,9.51,9.76,9.5,9.7,203004941.0,-0.9068825910931062
2024-05-22,9.71,9.86,9.63,9.71,211553138.0,0.842809364548486
2024-05-23,9.69,9.74,9.55,9.58,184162290.0,0.37986270022884355
2024-05-24,9.55,9.65,9.49,9.5,139827584.0,0.1907894736842074
2024-05-27,9.5,9.69,9.5,9.67,145436143.0,-1.664473684210533
2024-05-28,9.66,9.73,9.54,9.58,120432285.0,1.368421052631576
2024-05-29,9.56,9.62,9.43,9.46,144481111.0,0.10526315789473095
2024-05-30,9.44,9.53,9.29,9.34,132549635.0,-0.1008771929824489
2024-05-31,9.36,9.4,9.33,9.33,82670676.0,0.4166666666666722
2024-06-03,9.34,9.35,9.17,9.22,132669675.0,-0.5555555555555644
2024-06-04,9.2,9.28,9.17,9.26,98100495.0,-1.0808080808080778
2024-06-05,9.28,9.3,9.13,9.13,101896775.0,1.6363636363636422
2024-06-06,9.16,9.22,9.14,9.16,104933153.0,-0.4999999999999889
2024-06-07,9.17,9.25,9.15,9.23,117012604.0,-1.1000000000000183
2024-06-11,9.22,9.26,9.07,9.13,133762854.0,0.9684210526315791
2024-06-12,9.12,9.17,9.06,9.14,95742635.0,-0.8229665071770353
2024-06-13,9.15,9.18,9.07,9.07,120350779.0,1.4545454545454635
2024-06-14,9.14,9.21,8.99,9.16,163799047.0,-1.5454545454545403
2024-06-17,9.12,9.14,9.07,9.09,68121702.0,0.9740259740259833
2024-06-18,9.1,9.14,9.04,9.07,70065308.0,-0.02857142857145728
2024-06-19,9.09,9.19,9.07,9.14,79618418.0,-0.5666666666666649
2024-06-20,9.14,9.15,9.05,9.05,62962757.0,1.166666666666679
2024-06-21,9.05,9.08,8.96,9.0,83054528.0,-0.6666666666666567
2024-06-24,8.97,9.06,8.89,8.98,94708154.0,-0.3921568627451067
2024-06-25,8.99,9.12,8.98,9.07,76999281.0,-0.22689075630253133
2024-06-26,9.05,9.12,9.02,9.07,62859871.0,0.28571428571427704
2024-06-27,9.05,9.19,9.0,9.12,92888197.0,-0.26315789473681944
2024-06-28,9.09,9.23,9.08,9.14,91808992.0,0.46315789473683244
2024-07-01,9.08,9.32,9.04,9.32,134305149.0,-1.1999999999999953
2024-07-02,9.27,9.43,9.25,9.36,138438570.0,0.7777777777777821
2024-07-03,9.36,9.39,9.26,9.28,71306746.0,0.9145299145299186
2024-07-04,9.27,9.34,9.23,9.23,73504424.0,0.30769230769229927
2024-07-05,9.23,9.26,8.93,8.97,171335386.0,-0.24242424242424798
2024-07-08,8.95,9.02,8.87,8.94,86865962.0,-0.6909090909090869
2024-07-09,8.95,9.09,8.92,9.06,103248530.0,-0.7137254901960842
2024-07-10,9.06,9.18,9.05,9.13,87386511.0,0.41628959276017785
2024-07-11,9.19,9.21,9.06,9.12,72139225.0,0.4307692307692602
2024-07-12,9.11,9.28,9.11,9.28,121416369.0,-1.2000000000000188
2024-07-15,9.28,9.32,9.23,9.3,86941247.0,0.44444444444443565
2024-07-16,9.3,9.33,9.22,9.27,94300811.0,0.64646464646467
2024-07-17,9.27,9.38,9.25,9.36,122016835.0,-0.783216783216779
2024-07-18,9.34,9.39,9.27,9.37,108706102.0,0.025641025641026438
2024-07-19,9.34,9.38,9.26,9.33,89872324.0,0.49999999999998523
2024-07-22,9.32,9.34,9.17,9.21,99448087.0,0.696078431372533
2024-07-23,9.23,9.3,9.14,9.16,102015363.0,0.2205882352941343
2024-07-24,9.16,9.22,9.11,9.12,72451757.0,0.06818181818181845
2024-07-25,9.11,9.14,9.0,9.08,85640443.0,-0.9610389610389632
2024-07-26,9.09,9.11,8.97,9.03,92955195.0,0.28571428571429297
2024-07-29,9.02,9.13,8.97,9.1,78155243.0,-0.7678571428571399
2024-07-30,9.09,9.12,9.03,9.07,61326795.0,0.7361111111110753
2024-07-31,9.07,9.25,9.06,9.24,109690634.0,-1.0058479532163545
2024-08-01,9.23,9.29,9.15,9.24,73388377.0,0.6090225563909704
2024-08-02,9.2,9.23,9.12,9.13,59022876.0,1.1038961038960866
2024-08-05,9.1,9.2,9.05,9.05,75897852.0,0.1818181818182082
2024-08-06,9.06,9.11,8.9,8.94,126553691.0,-0.3809523809523745
2024-08-07,8.96,8.98,8.92,8.94,51760842.0,-0.28571428571427243
2024-08-08,8.93,8.98,8.91,8.95,50041067.0,-0.47619047619046695
2024-08-09,8.96,9.09,8.95,9.04,73027396.0,-0.14285714285716464
2024-08-12,9.02,9.05,8.98,9.01,35301346.0,0.4285714285714431
2024-08-13,9.02,9.03,8.93,8.96,62207720.0,0.25714285714281054
2024-08-14,8.95,8.98,8.92,8.93,43638038.0,0.26666666666670136
2024-08-15,8.93,9.05,8.88,9.03,77624747.0,-1.4313725490196019
2024-08-16,9.07,9.19,9.05,9.12,126036761.0,0.7647058823529379
2024-08-19,9.12,9.27,9.11,9.26,148298526.0,-0.8750000000000154
2024-08-20,9.29,9.39,9.25,9.31,156918665.0,1.017857142857142
2024-08-21,9.27,9.34,9.19,9.32,103488781.0,-0.8761904761904789
2024-08-22,9.31,9.41,9.29,9.34,110903039.0,0.9000000000000014
2024-08-23,9.35,9.45,9.29,9.42,107190571.0,-0.7916666666666701
2024-08-26,9.45,9.5,9.38,9.44,74067524.0,0.6250000000000231
2024-08-27,9.42,9.47,9.33,9.39,72313658.0,0.14285714285712445
2024-08-28,9.37,9.39,9.25,9.3,94254754.0,0.14285714285713924
2024-08-29,9.28,9.34,9.1,9.12,119767631.0,0.5476190476190586
2024-08-30,9.1,9.23,9.1,9.14,129405908.0,-0.44871794871796294
2024-09-02,9.11,9.19,9.08,9.1,96883550.0,0.25174825174826815
2024-09-03,9.1,9.12,9.0,9.07,91658122.0,-0.8030303030303212
2024-09-04,9.05,9.14,9.0,9.02,84799233.0,0.8809523809524005
2024-09-05,9.03,9.07,8.98,9.06,59420876.0,-1.4920634920635036
2024-09-06,9.05,9.19,9.05,9.07,87886543.0,1.4920634920635
2024-09-09,9.05,9.06,8.86,8.87,163917451.0,0.18571428571428472
2024-09-10,8.87,8.93,8.8,8.91,76790114.0,-1.592307692307699
2024-09-11,8.89,8.89,8.67,8.69,110872704.0,1.510489510489519
2024-09-12,8.69,8.79,8.65,8.77,58183405.0,-1.5324675324675405
2024-09-13,8.76,8.84,8.73,8.73,56646190.0,1.714285714285718
2024-09-18,8.75,8.8,8.69,8.79,44361099.0,-1.8181818181817917
2024-09-19,8.81,8.86,8.71,8.83,68429311.0,0.21818181818178706
2024-09-20,8.83,8.91,8.8,8.91,79729714.0,-0.39999999999999525
2024-09-23,8.9,9.08,8.88,9.04,89690755.0,0.4000000000000107
2024-09-24,9.1,9.33,9.07,9.33,163821319.0,-0.4000000000000107
2024-09-25,9.47,9.63,9.41,9.45,216069398.0,1.6363636363636451
2024-09-26,9.45,10.04,9.45,10.04,308645720.0,-1.6363636363636451
2024-09-27,10.22,10.4,9.93,10.28,384001637.0,0.5106382978723439
2024-09-30,10.46,11.07,10.4,10.99,543028364.0,-0.27183232772308996
2024-10-08,12.09,12.09,11.11,11.59,588897778.0,0.7816021931160517
2024-10-09,11.37,11.37,10.49,10.51,426934506.0,0.9341372912801498
2024-10-10,10.68,11.27,10.67,11.01,342642168.0,-1.087878787878789
2024-10-11,11.03,11.19,10.65,10.78,207089057.0,0.651851851851855
2024-10-14,11.01,11.2,10.84,11.05,240059509.0,-0.6851851851851947
2024-10-15,10.98,11.24,10.92,10.94,207284077.0,1.041666666666676
2024-10-16,10.85,11.2,10.82,11.09,191449353.0,-1.2960526315789516
2024-10-17,11.1,11.24,10.97,10.99,165370809.0,1.2729044834308036
2024-10-18,10.95,11.2,10.74,11.07,260465416.0,-1.2866344605475102
2024-10-21,10.98,10.98,10.69,10.86,280665467.0,0.26236881559221137
2024-10-22,10.81,10.97,10.78,10.84,161778713.0,0.540834845735022
2024-10-23,10.87,10.93,10.8,10.9,151186604.0,-0.9068825910931227
2024-10-24,10.86,10.9,10.78,10.8,88529942.0,1.2051282051281917
2024-10-25,10.82,10.83,10.75,10.77,110575468.0,-0.16666666666663588
2024-10-28,10.74,10.74,10.6,10.7,116948698.0,-0.9285714285714288
2024-10-29,10.68,10.79,10.6,10.61,119802482.0,1.3233082706766828
2024-10-30,10.57,10.65,10.36,10.41,148240279.0,-0.2395644283121655
2024-10-31,10.42,10.52,10.33,10.46,125020539.0,-1.0235934664246904
2024-11-01,10.46,10.62,10.43,10.51,158981111.0,0.5263157894736931
2024-11-04,10.51,10.54,10.35,10.54,113151611.0,-1.1578947368421022
2024-11-05,10.5,10.72,10.47,10.71,166541840.0,0.0799999999999983
2024-11-06,10.68,10.7,10.55,10.62,146228636.0,0.9866666666666795
2024-11-07,10.57,10.97,10.55,10.95,224284379.0,-0.9714285714285761
2024-11-08,10.98,11.04,10.76,10.78,189510415.0,1.7619047619047583
2024-11-11,10.69,10.74,10.55,10.67,148695164.0,-1.120300751879697
2024-11-12,10.65,10.89,10.58,10.61,171766255.0,1.0696095076400673
2024-11-13,10.57,10.76,10.55,10.67,108626328.0,-0.9493087557603707
2024-11-14,10.66,10.76,10.6,10.61,115978311.0,1.0178571428571432
2024-11-15,10.57,10.67,10.5,10.52,121578351.0,-0.11029411764705666
2024-11-18,10.69,11.07,10.68,10.8,379732445.0,-0.3800904977375657
2024-11-19,10.8,11.0,10.62,10.74,243003665.0,-0.016194331983805432
2024-11-20,10.73,10.8,10.67,10.7,128657248.0,0.1700404858299761
2024-11-21,10.68,10.71,10.63,10.66,88340806.0,-0.28846153846153444
2024-11-22,10.66,10.67,10.37,10.37,162531744.0,0.7499999999999833
2024-11-25,10.37,10.43,10.24,10.28,116602032.0,-0.42105263157893946
2024-11-26,10.28,10.4,10.24,10.36,83107820.0,-1.0789473684210495
2024-11-27,10.33,10.47,10.25,10.47,89517805.0,-0.5000000000000111
2024-11-28,10.47,10.5,10.41,10.43,73316854.0,1.5555555555555642
2024-11-29,10.45,10.54,10.43,10.46,102848758.0,-0.1010101010101333
2024-12-02,10.47,10.48,10.4,10.47,97543366.0,-1.2045454545454366
2024-12-03,10.45,10.57,10.44,10.56,108255936.0,-0.09615384615384481
2024-12-04,10.52,10.6,10.45,10.54,100747059.0,0.6461538461538551
2024-12-05,10.52,10.57,10.49,10.52,68710883.0,0.45000000000001195
2024-12-06,10.52,10.76,10.51,10.72,172626927.0,-0.9300000000000235
2024-12-09,10.69,10.78,10.66,10.73,96406316.0,0.5133333333333279
2024-12-10,10.94,10.99,10.8,10.84,216780724.0,0.7456140350877396
2024-12-11,10.84,10.88,10.78,10.78,96769145.0,0.42105263157893946
2024-12-12,10.78,10.91,10.77,10.9,98623459.0,-1.8571428571428608
2024-12-13,10.84,10.85,10.63,10.63,134379289.0,1.8571428571428608
2024-12-16,10.63,10.72,10.6,10.64,80571778.0,-0.6666666666666765
2024-12-17,10.64,10.71,10.59,10.6,80211995.0,0.5000000000000148
2024-12-18,10.65,10.79,10.64,10.71,101658966.0,-0.7666666666666843
2024-12-19,10.66,10.7,10.61,10.66,69737904.0,-0.1777777777777827
2024-12-20,10.66,10.76,10.65,10.68,71464627.0,0.5656565656565921
2024-12-23,10.7,10.89,10.7,10.78,165940476.0,-0.29665071770335316
2024-12-24,10.78,10.91,10.78,10.9,135083691.0,-1.0040485829959604
2024-12-25,10.9,11.05,10.89,10.96,147528294.0,0.9711538461538476
2024-12-26,10.96,10.97,10.83,10.9,100007470.0,-0.12499999999999722
2024-12-27,10.91,10.94,10.72,10.88,129001228.0,-0.45454545454546336
2024-12-30,10.83,11.01,10.83,10.99,135184636.0,-0.32323232323231876
2024-12-31,10.97,11.02,10.76,10.76,147536733.0,1.7777777777777821
2025-01-02,10.78,10.82,10.47,10.51,181959699.0,-0.22857142857142398
2025-01-03,10.52,10.61,10.44,10.46,115468044.0,-0.006722689075650767
2025-01-06,10.46,10.55,10.32,10.52,108553630.0,-1.5038363171355247
2025-01-07,10.5,10.6,10.45,10.58,74786288.0,0.005797101449259712
2025-01-08,10.57,10.69,10.48,10.57,106238601.0,0.8761904761904801
2025-01-09,10.57,10.57,10.44,10.48,75148330.0,0.24175824175823366
2025-01-10,10.48,10.54,10.37,10.39,79813351.0,0.38009049773755116
2025-01-13,10.34,10.35,10.19,10.3,93496618.0,-1.1397058823529391
2025-01-14,10.3,10.48,10.29,10.46,82462895.0,-0.41447368421051833
2025-01-15,10.46,10.65,10.44,10.55,103163082.0,0.7418546365914773
2025-01-16,10.62,10.66,10.55,10.64,87296399.0,-0.5887445887445873
2025-01-17,10.6,10.62,10.5,10.53,68976486.0,1.1363636363636496
2025-01-20,10.57,10.59,10.48,10.5,83202913.0,0.1363636363636348
2025-01-21,10.53,10.53,10.41,10.42,90206894.0,0.19696969696969358
2025-01-22,10.41,10.42,10.19,10.2,134712922.0,0.07971014492753581
2025-01-23,10.27,10.48,10.27,10.41,151492027.0,-1.2463768115942049
2025-01-24,10.41,10.47,10.32,10.43,94494421.0,-0.1333333333333223
2025-01-27,10.46,10.62,10.46,10.55,115193471.0,0.3416666666666459
2025-02-05,10.57,10.59,10.42,10.45,84343370.0,0.7720588235294288
2025-02-06,10.44,10.53,10.39,10.44,95560325.0,-0.3613445378151243
2025-02-07,10.44,10.53,10.4,10.46,140749262.0,-0.20879120879123259
2025-02-10,10.46,10.57,10.44,10.51,102659093.0,-0.15384615384613703
2025-02-11,10.48,10.55,10.45,10.5,84452003.0,0.07692307692307482
2025-02-12,10.49,10.51,10.43,10.5,98880683.0,-0.7500000000000056
2025-02-13,10.5,10.62,10.48,10.57,135863927.0,0.46428571428571075
2025-02-14,10.56,10.62,10.51,10.62,97305774.0,-0.7142857142857052
2025-02-17,10.67,10.85,10.62,10.83,206196542.0,0.17391304347825687
2025-02-18,10.81,11.0,10.81,10.86,199661049.0,1.2997711670480687
2025-02-19,10.85,10.86,10.74,10.77,117774895.0,0.026315789473681794
2025-02-20,10.77,10.81,10.71,10.72,78439627.0,0.29999999999999616
2025-02-21,10.75,10.77,10.62,10.7,97396897.0,-0.8666666666666687
2025-02-24,10.69,10.75,10.63,10.66,94995617.0,0.5666666666666725
2025-02-25,10.63,10.65,10.54,10.55,91715602.0,0.31818181818178437
2025-02-26,10.55,10.67,10.55,10.59,84164552.0,-0.4848484848484486
2025-02-27,10.6,10.69,10.54,10.68,97730975.0,-1.200000000000013
2025-02-28,10.65,10.74,10.57,10.6,94908806.0,1.513725490196089
2025-03-03,10.59,10.63,10.53,10.58,83045695.0,-0.6470588235294191
2025-03-04,10.55,10.62,10.52,10.58,68317873.0,-0.20000000000001422
2025-03-05,10.59,10.73,10.55,10.72,108064544.0,-0.6888888888888769
2025-03-06,10.75,10.76,10.67,10.69,87740771.0,1.4444444444444553
2025-03-07,10.69,10.75,10.67,10.73,83553669.0,-1.0555555555555753
2025-03-10,10.72,10.73,10.62,10.66,66383393.0,0.772727272727275
2025-03-11,10.61,10.67,10.59,10.67,60897527.0,-1.272727272727264
2025-03-12,10.67,10.91,10.63,10.9,187731840.0,0.07142857142857006
2025-03-13,10.86,10.95,10.83,10.89,131237121.0,0.9285714285714152
2025-03-14,10.87,11.03,10.87,11.01,172241765.0,-0.7499999999999908
2025-03-17,10.69,10.73,10.54,10.57,460361210.0,1.4342105263157852
2025-03-18,10.59,10.61,10.55,10.56,160529000.0,-0.01754385964911298
2025-03-19,10.55,10.6,10.54,10.59,136245491.0,-1.3333333333333433
2025-03-20,10.58,10.67,10.56,10.56,110115724.0,1.6666666666666765
2025-03-21,10.56,10.59,10.47,10.5,137638897.0,-0.49999999999999256
2025-03-24,10.49,10.52,10.43,10.46,116457734.0,-0.16666666666670044
2025-03-25,10.46,10.51,10.44,10.51,73560888.0,-1.333333333333307
2025-03-26,10.5,10.51,10.45,10.46,74086307.0,1.6666666666666172
2025-03-27,10.45,10.49,10.44,10.47,55334940.0,-0.8666666666666458
2025-03-28,10.47,10.48,10.43,10.44,64494555.0,0.8000000000000427
2025-03-31,10.44,10.46,10.35,10.35,111612564.0,0.3999999999999858
2025-04-01,10.36,10.39,10.32,10.36,68147042.0,-1.142857142857114
2025-04-02,10.34,10.49,10.34,10.45,93264176.0,-0.32380952380954175
2025-04-03,10.4,10.47,10.39,10.43,64391391.0,0.46666666666667783
2025-04-07,10.11,10.16,9.64,9.84,254556048.0,0.23076923076921066
2025-04-08,9.82,9.98,9.8,9.95,146398771.0,-0.8974358974358864
2025-04-09,9.87,9.96,9.8,9.93,106439405.0,0.04166666666666741
2025-04-10,9.98,10.05,9.95,10.02,86654805.0,0.2250000000000003
2025-04-11,9.99,10.02,9.96,10.01,58387902.0,-0.2666666666666808
2025-04-14,10.07,10.15,10.04,10.05,78599345.0,1.4848484848484584
2025-04-15,10.04,10.09,10.02,10.07,72275410.0,-1.246753246753235
2025-04-16,10.05,10.12,10.03,10.11,84282217.0,-0.34920634920633903
2025-04-17,10.07,10.19,10.05,10.17,82391931.0,0.06349206349206415
2025-04-18,10.15,10.29,10.14,10.28,72709815.0,-0.15238095238095029
2025-04-21,10.11,10.23,10.09,10.13,111418418.0,1.295238095238086
2025-04-22,10.13,10.17,10.1,10.15,83112887.0,-0.8571428571428608
2025-04-23,10.15,10.16,10.09,10.12,58638293.0,0.5714285714286077
2025-04-24,10.11,10.17,10.1,10.14,68925613.0,-0.2857142857143292
2025-04-25,10.15,10.16,10.1,10.12,63754686.0,0.4761904761905177
2025-04-28,10.11,10.15,10.08,10.11,64201837.0,-0.19047619047618847
2025-04-29,10.11,10.13,10.07,10.1,64904494.0,-0.142857142857135
2025-04-30,10.08,10.09,10.01,10.03,86983492.0,0.4999999999999815
2025-05-06,10.04,10.11,10.01,10.08,85467127.0,-0.9000000000000218
2025-05-07,10.12,10.15,10.09,10.14,112627001.0,-0.26666666666666583
2025-05-08,10.11,10.19,10.1,10.19,105661366.0,-0.3333333333333235
2025-05-09,10.18,10.27,10.17,10.25,99989747.0,0.3999999999999929
2025-05-12,10.26,10.32,10.23,10.26,89560460.0,0.9333333333333536
2025-05-13,10.29,10.42,10.25,10.38,126103062.0,-0.8627450980392387
2025-05-14,10.38,10.55,10.34,10.51,168351358.0,-0.08963585434171961
2025-05-15,10.51,10.57,10.46,10.47,103546026.0,1.437229437229433
2025-05-16,10.45,10.51,10.4,10.46,91474445.0,-0.9090909090909267
2025-05-19,10.48,10.55,10.44,10.45,83139060.0,0.9090909090909296
2025-05-20,10.48,10.55,10.45,10.47,64363480.0,-0.21818181818184534
2025-05-21,10.48,10.66,10.47,10.55,132827810.0,-0.44210526315787635
2025-05-22,10.53,10.63,10.52,10.62,100296806.0,-0.9760765550238941
2025-05-23,10.62,10.67,10.51,10.54,96264311.0,1.4431818181818001
2025-05-26,10.52,10.57,10.48,10.5,69915858.0,-0.06944444444444398
2025-05-27,10.53,10.61,10.5,10.56,80191514.0,-0.64646464646467
2025-05-28,10.57,10.62,10.52,10.6,65817947.0,-0.5090909090909015
2025-05-29,10.59,10.62,10.53,10.54,91980676.0,1.3777777777777893
2025-05-30,10.55,10.65,10.52,10.63,113084931.0,-1.4700854700854828
2025-06-03,10.61,10.95,10.6,10.86,219247966.0,0.20659340659341474
2025-06-04,10.87,10.92,10.83,10.89,116795950.0,0.15238095238093952
2025-06-05,10.92,10.95,10.72,10.73,116680349.0,1.2463768115942173
2025-06-06,10.76,10.84,10.74,10.76,68235251.0,-0.31304347826086387
2025-06-09,10.78,10.8,10.71,10.77,77325468.0,-0.933333333333314
2025-06-10,10.78,10.93,10.77,10.86,142813180.0,0.20833333333330978
2025-06-11,10.87,10.97,10.84,10.9,109466664.0,0.20192307692307204
2025-06-12,10.96,11.1,10.93,11.08,129022047.0,-0.8416289592760209
2025-06-13,11.08,11.13,10.96,10.98,109549419.0,1.5294117647058922
2025-06-16,10.97,11.18,10.93,11.18,117443827.0,-1.764705882352946
2025-06-17,11.18,11.27,11.11,11.15,89002734.0,1.499999999999989
2025-06-18,11.17,11.2,11.06,11.16,68352111.0,-0.9285714285714247
2025-06-19,11.15,11.17,11.05,11.1,83224716.0,0.5952380952381149
2025-06-20,11.1,11.25,11.07,11.23,130919782.0,-0.9444444444444611
2025-06-23,11.2,11.35,11.07,11.31,138917048.0,0.06349206349206238
2025-06-24,11.29,11.39,11.23,11.31,130852531.0,0.7142857142857197
2025-06-25,11.31,11.46,11.22,11.44,167511647.0,-0.8333333333333223
2025-06-26,11.43,11.84,11.39,11.77,217457766.0,0.14444444444443516
2025-06-27,11.73,11.93,11.5,11.57,237760015.0,1.3633074935400482
2025-06-30,11.51,11.54,11.34,11.45,150481965.0,-0.7744186046511594
2025-07-01,11.44,11.69,11.44,11.67,135434108.0,-0.7400000000000052
2025-07-02,11.67,11.77,11.6,11.68,120041184.0,0.8988235294117669
2025-07-03,11.69,11.78,11.65,11.71,79408597.0,0.018099547511298726
2025-07-04,11.71,12.06,11.67,11.95,177533267.0,-0.5128205128204927
2025-07-07,11.95,12.16,11.95,12.12,149540653.0,-0.18315018315018133
2025-07-08,12.09,12.18,12.0,12.04,109098597.0,1.1746031746031762
2025-07-09,12.01,12.23,12.01,12.18,120596330.0,-1.1010101010101048
2025-07-10,12.16,12.64,12.13,12.5,248141553.0,0.09447415329768
2025-07-11,12.51,12.61,12.22,12.24,244374350.0,1.3484162895927596
2025-07-14,12.21,12.49,12.2,12.31,187289585.0,-0.6560565870910777
2025-07-15,12.32,12.37,12.05,12.07,181053131.0,0.6336206896551804
2025-07-16,12.07,12.1,11.85,11.99,192786379.0,-0.9950000000000067
2025-07-17,11.96,12.04,11.89,11.94,94464140.0,0.4533333333333458
2025-07-18,11.97,12.09,11.95,12.04,124120611.0,-0.6190476190476197
2025-07-21,11.99,12.05,11.9,11.96,107902662.0,0.4857142857142738
2025-07-22,11.95,11.95,11.68,11.85,193522916.0,-0.45925925925925604
2025-07-23,11.82,11.98,11.81,11.88,137052000.0,0.4357298474945512
2025-07-24,11.88,11.88,11.69,11.71,195935057.0,0.6130030959752231
2025-07-25,11.69,11.82,11.68,11.71,110826666.0,-0.2180451127819566
2025-07-28,11.71,11.88,11.68,11.82,123824278.0,-0.9714285714285552
2025-07-29,11.82,11.86,11.7,11.7,101281801.0,1.3999999999999981
2025-07-30,11.71,11.99,11.7,11.85,171516360.0,-1.0344827586206888
2025-07-31,11.86,11.9,11.59,11.6,169008125.0,0.9699666295884323
2025-08-01,11.61,11.69,11.52,11.65,101218698.0,-1.4648956356736358
2025-08-04,11.61,11.74,11.58,11.67,103268969.0,0.404411764705895
2025-08-05,11.67,11.85,11.65,11.83,113207820.0,-0.6750000000000064
2025-08-06,11.83,11.87,11.76,11.82,69044765.0,0.709090909090898
2025-08-07,11.8,11.88,11.75,11.83,72205305.0,-0.13986013986011886
2025-08-08,11.84,11.88,11.75,11.76,82979591.0,1.0769230769230749
2025-08-11,11.76,11.78,11.64,11.67,93435315.0,-0.2747252747252735
2025-08-12,11.67,11.76,11.67,11.69,68005619.0,-0.015873015873012486
2025-08-13,11.73,11.76,11.6,11.63,111981305.0,0.06944444444442177
2025-08-14,11.64,11.7,11.56,11.57,124104129.0,0.23214285714287286
2025-08-15,11.6,11.6,11.32,11.46,194850295.0,-0.8571428571428653
2025-08-18,11.44,11.52,11.41,11.46,123905837.0,0.09090909090907963
2025-08-19,11.48,11.49,11.4,11.44,89285989.0,0.020202020202055374
2025-08-20,11.44,11.49,11.36,11.45,104873853.0,-0.49572649572650274
2025-08-21,11.43,11.56,11.41,11.52,121741825.0,-0.08205128205128154
2025-08-22,11.52,11.54,11.36,11.44,164425977.0,0.5777777777777645
2025-08-25,11.49,11.88,11.48,11.81,304508753.0,-0.7611111111111079
2025-08-26,11.81,11.85,11.67,11.72,138359861.0,1.0944444444444346
2025-08-27,11.68,11.72,11.43,11.44,186004950.0,0.4865900383141867
2025-08-28,11.47,11.51,11.35,11.46,165358793.0,-1.306034482758636
2025-08-29,11.43,11.59,11.41,11.43,180512568.0,1.1527777777777959
2025-09-01,11.43,11.43,11.24,11.28,185845902.0,-0.19883040935672158
2025-09-02,11.24,11.37,11.23,11.36,149271566.0,-1.4360902255639196
2025-09-03,11.36,11.39,11.13,11.14,136723249.0,1.7802197802197837
2025-09-04,11.15,11.16,11.0,11.13,129530002.0,-1.5480769230769331
2025-09-05,11.12,11.13,11.03,11.12,81966156.0,-0.1749999999999633
2025-09-08,11.11,11.17,11.07,11.1,92443104.0,1.1999999999999824
2025-09-09,11.11,11.17,11.08,11.14,86053917.0,-0.7333333333333572
2025-09-10,11.13,11.18,11.11,11.16,79266839.0,-0.09523809523809662
2025-09-11,11.16,11.24,11.11,11.24,96393163.0,-0.571428571428557
2025-09-12,11.22,11.27,11.1,11.12,94038510.0,1.764705882352946
2025-09-15,11.1,11.12,11.03,11.05,84038656.0,-0.2091503267974213
2025-09-16,11.06,11.11,11.01,11.04,70804849.0,-0.15555555555551415
2025-09-17,11.04,11.07,10.98,11.04,77112893.0,-0.7333333333333176
2025-09-18,11.05,11.06,10.79,10.82,138616040.0,1.1111111111110774
2025-09-19,10.82,10.92,10.78,10.86,83465123.0,-0.9206349206349097
2025-09-22,10.85,10.88,10.78,10.79,59640232.0,0.9428571428571464
2025-09-23,10.78,10.98,10.74,10.93,134143022.0,-1.383333333333335
2025-09-24,10.92,11.02,10.84,10.87,113958347.0,1.250000000000001
2025-09-25,10.84,10.88,10.77,10.81,77327594.0,-0.39393939393940935
2025-09-26,10.8,10.85,10.74,10.81,75323875.0,-0.5454545454545484
2025-09-29,10.81,10.89,10.69,10.78,117601243.0,0.37272727272729067
2025-09-30,10.78,10.78,10.71,10.75,83247947.0,-0.24285714285714907
2025-10-09,10.75,10.82,10.69,10.81,104746906.0,-0.7032967032967075
2025-10-10,10.78,10.9,10.77,10.84,108794775.0,0.7692307692307756
2025-10-13,10.74,10.87,10.7,10.81,116880173.0,-0.2171945701357635
2025-10-14,10.8,11.0,10.77,10.97,184342836.0,-0.44501278772377645
2025-10-15,10.98,11.06,10.9,11.04,127106103.0,-0.010869565217368593
2025-10-16,11.02,11.18,11.0,11.17,126193687.0,-0.1388888888889077
2025-10-17,11.13,11.21,11.02,11.04,103966632.0,1.6783625730994234
2025-10-20,11.05,11.09,10.91,11.06,95264110.0,-1.4561403508772055
2025-10-21,11.04,11.1,11.03,11.07,76116462.0,0.5238095238095086
2025-10-22,11.04,11.17,11.04,11.15,83370319.0,-0.5494505494505362
2025-10-23,11.15,11.34,11.13,11.26,137311158.0,0.4542124542124667
2025-10-24,11.23,11.31,11.18,11.19,98047530.0,1.0842490842490844
2025-10-27,11.17,11.24,11.08,11.15,123948526.0,-0.7211538461538531
2025-10-28,11.16,11.21,11.06,11.1,82156818.0,0.34166666666668205
2025-10-29,11.09,11.09,11.0,11.03,96621364.0,-0.1333333333333328
2025-10-30,11.02,11.1,11.0,11.02,94377015.0,0.2666666666666606
2025-10-31,11.02,11.04,10.94,10.96,97019293.0,-3.552713678800501e-14
2025-11-03,10.98,11.08,10.94,11.07,95232643.0,-1.4571428571428324
2025-11-04,11.06,11.27,11.04,11.22,150300748.0,0.2919254658385029
2025-11-05,11.22,11.23,11.13,11.15,79492605.0,1.165217391304365
2025-11-06,11.13,11.21,11.1,11.14,76658546.0,-0.32727272727274315
2025-11-07,11.15,11.21,11.13,11.18,73485055.0,-0.5227272727272362
2025-11-10,11.15,11.27,11.09,11.26,82720833.0,-0.6388888888889188
2025-11-11,11.25,11.32,11.2,11.3,88650887.0,0.22222222222221455
2025-11-12,11.33,11.41,11.28,11.31,114132538.0,1.2051282051282004
2025-11-13,11.31,11.35,11.2,11.33,97899103.0,-1.2717948717948633
2025-11-14,11.3,11.46,11.29,11.38,131699498.0,0.6745098039215663
2025-11-17,11.38,11.38,11.25,11.3,99523287.0,0.2895927601809978
2025-11-18,11.28,11.32,11.2,11.22,67007735.0,0.4358974358974225
2025-11-19,11.21,11.45,11.2,11.42,133499619.0,-1.426666666666652
2025-11-20,11.41,11.61,11.37,11.47,163703985.0,0.9266666666666606
2025-11-21,11.42,11.5,11.29,11.32,146535888.0,0.5476190476190491
2025-11-24,11.33,11.36,11.23,11.23,111711880.0,0.28571428571429536
2025-11-25,11.24,11.42,11.21,11.42,102808052.0,-2.0
2025-11-26,11.43,11.47,11.28,11.32,82130109.0,1.5789473684210458
2025-11-27,11.29,11.34,11.21,11.34,101184710.0,-1.5789473684210458
2025-11-28,11.3,11.31,11.21,11.24,88435845.0,1.4000000000000106
2025-12-01,11.23,11.33,11.16,11.32,103732271.0,-1.2823529411764838
2025-12-02,11.31,11.36,11.22,11.27,76805993.0,1.1680672268907677
2025-12-03,11.27,11.33,11.17,11.18,94460109.0,0.589285714285708
2025-12-04,11.18,11.21,11.09,11.12,88608988.0,-0.374999999999988
2025-12-05,11.12,11.17,11.04,11.16,89076609.0,-1.3461538461538651
2025-12-08,11.12,11.23,11.11,11.15,85589893.0,1.179487179487174
2025-12-09,11.15,11.17,11.07,11.07,73395745.0,0.6666666666666765
2025-12-10,11.08,11.09,10.93,10.97,104406472.0,-0.5000000000000111
2025-12-11,10.99,11.03,10.94,11.01,92526129.0,-1.0555555555555531
2025-12-12,11.01,11.07,10.94,10.99,119189472.0,0.7863247863247889
2025-12-15,10.98,11.17,10.97,11.14,94083253.0,-0.9307692307692297
2025-12-16,11.12,11.18,11.08,11.11,64735136.0,1.100000000000016
2025-12-17,11.1,11.21,11.06,11.16,70149533.0,-0.7333333333333361
2025-12-18,11.14,11.28,11.11,11.27,79046654.0,-0.5490196078431475
2025-12-19,11.26,11.28,11.21,11.25,64988619.0,0.7394957983193302
2025-12-22,11.24,11.24,11.14,11.15,74236916.0,0.9428571428571464
2025-12-23,11.15,11.23,11.13,11.19,66626574.0,-0.9999999999999822
2025-12-24,11.18,11.21,11.12,11.17,50524356.0,0.08888888888887198
2025-12-25,11.17,11.25,11.15,11.19,54745523.0,0.31111111111112094
2025-12-26,11.19,11.22,11.16,11.17,43633984.0,0.4666666666666623
2025-12-29,11.17,11.25,11.13,11.19,64829542.0,-0.6666666666666617
2025-12-30,11.16,11.19,11.09,11.11,58258433.0,0.5999999999999923
2025-12-31,11.11,11.12,11.04,11.05,59062037.0,0.14999999999995406
2026-01-05,11.06,11.14,11.05,11.13,87549118.0,-1.5277777777777433
2026-01-06,11.13,11.31,11.11,11.3,130464842.0,-0.12222222222222057
2026-01-07,11.29,11.44,11.25,11.27,96623624.0,1.689473684210533
2026-01-08,11.27,11.28,11.12,11.14,110008511.0,-0.03947368421054687
2026-01-09,11.16,11.16,11.08,11.09,98339004.0,2.220446049250313e-14
2026-01-12,11.09,11.12,11.06,11.11,85521298.0,-1.4166666666666723
2026-01-13,11.11,11.17,11.08,11.1,106154122.0,1.222222222222231
2026-01-14,11.1,11.1,10.99,11.0,127475714.0,0.26262626262625677
2026-01-15,10.97,11.01,10.94,10.95,88495977.0,-0.1038961038960996
2026-01-16,10.98,10.98,10.8,10.83,111947254.0,-0.04761904761904823
2026-01-19,10.79,10.85,10.76,10.77,80474131.0,0.11111111111110883
2026-01-20,10.77,10.84,10.76,10.8,77227609.0,-0.7777777777778043
2026-01-21,10.79,10.82,10.71,10.72,90012491.0,0.8181818181818433
2026-01-22,10.72,10.79,10.7,10.72,78863462.0,-0.2626262626262963
2026-01-23,10.72,10.74,10.63,10.64,110999429.0,0.2626262626262963
2026-01-26,10.63,10.71,10.57,10.61,110624665.0,-0.389610389610378
2026-01-27,10.61,10.68,10.58,10.59,89409121.0,0.3714285714285605
2026-01-28,10.59,10.64,10.48,10.49,143876603.0,0.07499999999999918
2026-01-29,10.49,10.63,10.32,10.61,185299383.0,-1.7459677419354782
2026-01-30,10.59,10.68,10.48,10.48,109175497.0,1.8709677419354753
2026-02-02,10.48,10.68,10.46,10.51,122317302.0,-0.45454545454544726
2026-02-03,10.54,10.55,10.43,10.49,80662816.0,-0.5454545454545527
2026-02-04,10.5,10.63,10.49,10.62,69541547.0,-0.8571428571428354
2026-02-05,10.63,10.76,10.61,10.74,117759109.0,0.12380952380949584
2026-02-06,10.73,10.79,10.64,10.7,72770959.0,0.9333333333333491
2026-02-09,10.7,10.76,10.66,10.72,61971670.0,-0.40000000000002367
2026-02-10,10.72,10.75,10.67,10.71,60042999.0,0.19999999999999202
2026-02-11,10.71,10.74,10.67,10.72,43104098.0,-0.4285714285714209
2026-02-12,10.72,10.73,10.58,10.61,68134024.0,1.0285714285714527
2026-02-13,10.61,10.64,10.55,10.56,55504736.0,0.1777777777777726
2026-02-24,10.58,10.6,10.53,10.56,60251240.0,-0.6349206349206683
2026-02-25,10.56,10.6,10.44,10.51,106313487.0,-0.01785714285711662
2026-02-26,10.51,10.56,10.46,10.52,71273019.0,-0.3249999999999759
2026-02-27,10.51,10.57,10.49,10.55,61222796.0,-0.3000000000000324
2026-03-02,10.5,10.54,10.43,10.5,83887355.0,0.22727272727272663
2026-03-03,10.5,10.6,10.46,10.53,102869483.0,0.2727272727272972
2026-03-04,10.49,10.49,10.33,10.37,108971396.0,0.4999999999999984
2026-03-05,10.38,10.49,10.36,10.47,71264118.0,-1.1923076923077118
2026-03-06,10.44,10.49,10.43,10.48,47657680.0,0.025641025641024218
2026-03-09,10.45,10.48,10.4,10.42,83589238.0,1.1666666666666876
2026-03-10,10.43,10.47,10.39,10.47,79011168.0,-1.500000000000011
2026-03-11,10.45,10.55,10.43,10.54,72053464.0,0.1666666666666914
2026-03-12,10.52,10.61,10.5,10.59,75490558.0,0.19696969696966637
2026-03-13,10.58,10.65,10.52,10.58,84193915.0,0.7132867132867171
2026-03-16,10.58,10.62,10.53,10.57,71560301.0,0.03418803418801436
2026-03-17,10.56,10.72,10.55,10.68,107665681.0,-0.6405228758169604
2026-03-18,10.69,10.69,10.56,10.61,79107940.0,0.7601809954751125
2026-03-19,10.57,10.62,10.51,10.53,62421195.0,0.40559440559440096
2026-03-20,10.52,10.59,10.42,10.43,83408256.0,0.24598930481283077
2026-03-23,10.34,10.34,10.1,10.12,158008833.0,-0.04901960784313597
2026-03-24,10.18,10.54,10.18,10.53,162225127.0,-1.7777777777777826
2026-03-25,10.54,10.6,10.45,10.59,74477991.0,0.07777777777777573
2026-03-26,10.56,10.7,10.55,10.59,82766409.0,1.3333333333333428
2026-03-27,10.56,10.7,10.48,10.67,88412862.0,-1.1939393939394045
2026-03-30,10.63,10.7,10.59,10.64,63252210.0,0.8181818181818049
2026-03-31,10.65,10.82,10.64,10.73,116456534.0,-0.09090909090907329
2026-04-01,10.74,10.87,10.73,10.79,91892539.0,0.14285714285715373
2026-04-02,10.79,10.96,10.78,10.91,114889522.0,-0.5873015873015949
2026-04-03,10.92,10.92,10.74,10.77,75775733.0,1.1111111111111145
2026-04-07,10.77,10.79,10.62,10.68,60795521.0,-0.3725490196078559
2026-04-08,10.76,10.86,10.7,10.86,81297589.0,-1.2941176470588174
2026-04-09,10.81,10.86,10.71,10.75,60236493.0,1.466666666666673
2026-04-10,10.75,10.78,10.72,10.74,48104693.0,-0.1333333333333397
2026-04-13,10.7,10.74,10.68,10.72,40610413.0,-0.6666666666666864
2026-04-14,10.72,10.81,10.72,10.81,49615109.0,-0.666666666666647
2026-04-15,10.8,10.86,10.79,10.85,50393793.0,0.2857142857142785
2026-04-16,10.84,10.87,10.72,10.74,68091460.0,1.447619047619058
2026-04-17,10.74,10.76,10.64,10.66,72253042.0,-0.06666666666666488
2026-04-20,10.66,10.72,10.61,10.71,63003366.0,-1.4848484848484955
2026-04-21,10.69,10.8,10.68,10.73,80694634.0,0.9848484848484858
2026-04-22,10.73,10.74,10.6,10.63,83905399.0,0.4047619047618952
2026-04-23,10.63,10.68,10.58,10.65,64806661.0,-0.9714285714285676
2026-04-24,10.63,10.68,10.57,10.65,58271012.0,-0.054545454545452676
2026-04-27,10.97,11.2,10.93,11.02,340127567.0,0.7878787878787967
2026-04-28,11.0,11.09,10.96,11.09,167425883.0,-1.3333333333333333
2026-04-29,11.07,11.17,11.03,11.15,137842344.0,0.2857142857142785
2026-04-30,11.13,11.23,11.09,11.12,113924162.0,1.2857142857143038
2026-05-06,11.13,11.13,10.94,11.0,121638755.0,-0.2030075187970043
2026-05-07,11.01,11.03,10.94,11.01,93695806.0,-0.9239766081871423
2026-05-08,10.98,11.06,10.94,10.94,79881986.0,1.5555555555555642
2026-05-11,10.93,10.95,10.8,10.92,93186521.0,-1.6000000000000048
2026-05-12,10.92,11.0,10.85,10.89,102903842.0,1.0666666666666604
2026-05-13,10.89,10.92,10.76,10.79,101797392.0,0.1583333333333527
2026-05-14,10.79,10.79,10.7,10.7,79436841.0,0.3749999999999917
2026-05-15,10.7,10.76,10.61,10.64,97474176.0,-0.40000000000001423
2026-05-18,10.61,10.62,10.48,10.51,85638157.0,-0.02857142857140893
2026-05-19,10.48,10.57,10.48,10.51,79352913.0,-0.23809523809523037
2026-05-20,10.51,10.53,10.42,10.43,74763214.0,0.48484848484847465
2026-05-21,10.44,10.46,10.35,10.36,111021108.0,2.886579864025407e-15
2026-05-22,10.36,10.39,10.31,10.34,95413273.0,-0.5681818181818074
2026-05-25,10.34,10.42,10.3,10.34,66310295.0,0.08333333333332654
2026-05-26,10.37,10.48,10.32,10.45,83734690.0,-0.9583333333333293
2026-05-27,10.42,10.5,10.38,10.42,83972718.0,0.9583333333333293
2026-05-28,10.42,10.45,10.29,10.32,90071107.0,0.2916666666666429
2026-05-29,10.31,10.58,10.28,10.58,139936780.0,-1.6249999999999862
2026-06-01,10.55,10.64,10.47,10.64,95459569.0,-0.0
2026-06-02,10.63,10.75,10.59,10.73,88542842.0,0.24999999999999445
2026-06-03,10.68,10.71,10.57,10.64,82527172.0,0.7500000000000056
2026-06-04,10.56,10.62,10.43,10.48,86927083.0,0.47368421052630694
2026-06-05,10.48,10.68,10.48,10.63,100350334.0,-0.9736842105263158
2026-06-08,10.62,10.75,10.61,10.68,109092646.0,0.5000000000000089
2026-06-09,10.66,10.83,10.61,10.78,114967234.0,-0.5454545454545403
2026-06-10,10.72,10.99,10.72,10.96,154317639.0,-0.2323232323232418
2026-06-11,10.96,11.03,10.89,10.94,115622222.0,1.063492063492077
2026-06-12,11.0,11.25,10.88,11.24,203235546.0,-1.2316602316602419
2026-06-15,11.21,11.21,10.98,11.06,154130495.0,1.2502937720329041
2026-06-16,11.05,11.12,10.91,10.94,94270804.0,0.40993788819876187
2026-06-17,10.97,10.99,10.75,10.78,96582803.0,0.035714285714286476
2026-06-18,10.74,10.77,10.52,10.52,142689316.0,0.24999999999999445
2026-06-22,10.52,10.67,10.42,10.65,126531672.0,-1.8400000000000034
2026-06-23,10.65,10.91,10.63,10.71,119060407.0,1.2685714285714302
2026-06-24,10.68,10.78,10.51,10.51,112584114.0,0.5714285714285732
2026-06-25,10.47,10.59,10.41,10.42,108399905.0,-0.11111111111110894
2026-06-26,10.42,10.47,10.19,10.23,123648164.0,-0.1746031746031822
2026-06-29,10.22,10.32,10.02,10.24,112413978.0,-1.1809523809523763
2026-06-30,10.22,10.22,10.04,10.05,111135281.0,1.3555555555555399
2026-07-01,10.05,10.18,9.99,10.16,90688982.0,-1.6783625730994025
2026-07-02,10.2,10.36,10.17,10.28,100474867.0,0.6315789473684279
2026-07-03,10.29,10.4,10.18,10.29,86332664.0,0.1578947368421104
2026-07-06,10.25,10.52,10.22,10.5,106104863.0,-0.8666666666666771
2026-07-07,10.46,10.51,10.35,10.47,80522115.0,0.3666666666666579
2026-07-08,10.44,10.63,10.34,10.6,95076022.0,-0.2931034482758438
2026-07-09,10.55,10.59,10.43,10.49,74719101.0,1.0431034482758492
2026-07-10,10.5,10.51,10.4,10.45,95732035.0,-0.15909090909088885
2026-07-13,10.42,10.55,10.38,10.54,92474624.0,-0.9732620320855577
2026-07-14,10.53,10.7,10.48,10.69,119371535.0,-0.02673796791445837
2026-07-15,10.65,10.87,10.63,10.84,98142155.0,0.15909090909090684
2026-07-16,10.85,10.93,10.72,10.77,80076623.0,1.2738095238095355
