trade_date,trade_symbol,open,high,low,close,volume,amount
2021-07-19,002027.SZ,6.18,6.33,6.17,6.28,79312411.0,650023049.0
2021-07-20,002027.SZ,6.24,6.28,6.17,6.2,61655129.0,500918017.0
2021-07-21,002027.SZ,6.19,6.39,6.19,6.27,104647739.0,865261503.0
2021-07-22,002027.SZ,6.27,6.58,6.24,6.41,147552948.0,1250277992.0
2021-07-23,002027.SZ,6.42,6.46,6.07,6.1,222151192.0,1796038944.0
2021-07-26,002027.SZ,5.95,6.14,5.82,5.94,225955484.0,1762414280.0
2021-07-27,002027.SZ,5.94,5.98,5.53,5.53,219734826.0,1645395858.0
2021-07-28,002027.SZ,5.5,5.81,5.49,5.76,199903439.0,1491038038.0
2021-07-29,002027.SZ,5.87,6.14,5.86,5.88,218052122.0,1708947475.0
2021-07-30,002027.SZ,5.88,5.88,5.62,5.72,118880209.0,892290063.0
2021-08-02,002027.SZ,5.72,6.03,5.68,5.93,125166349.0,968235413.0
2021-08-03,002027.SZ,5.89,5.98,5.81,5.84,108186314.0,833197923.0
2021-08-04,002027.SZ,5.88,5.95,5.65,5.85,135136057.0,1029075908.0
2021-08-05,002027.SZ,5.8,5.91,5.68,5.68,105343809.0,794927013.0
2021-08-06,002027.SZ,5.67,5.71,5.55,5.57,83315086.0,610767560.0
2021-08-09,002027.SZ,5.54,6.12,5.51,6.03,211222925.0,1639711511.0
2021-08-10,002027.SZ,5.95,6.21,5.84,6.17,176235251.0,1395051782.0
2021-08-11,002027.SZ,6.17,6.35,6.12,6.15,110202440.0,898525746.0
2021-08-12,002027.SZ,6.13,6.17,5.87,5.88,149967976.0,1169989344.0
2021-08-13,002027.SZ,5.84,5.91,5.76,5.79,96575298.0,735894313.0
2021-08-16,002027.SZ,5.82,6.03,5.75,5.94,101752042.0,785916851.0
2021-08-17,002027.SZ,5.94,5.97,5.75,5.77,101181969.0,773550065.0
2021-08-18,002027.SZ,5.81,5.84,5.65,5.68,104399694.0,779588049.0
2021-08-19,002027.SZ,5.69,5.84,5.63,5.65,98862415.0,739615002.0
2021-08-20,002027.SZ,5.65,5.65,5.33,5.42,175313575.0,1248407217.0
2021-08-23,002027.SZ,5.44,5.88,5.42,5.84,197885468.0,1483347386.0
2021-08-24,002027.SZ,5.78,6.01,5.76,5.98,139427150.0,1078372016.0
2021-08-25,002027.SZ,5.98,6.13,5.93,6.1,131878550.0,1045618136.0
2021-08-26,002027.SZ,6.36,6.36,5.81,5.88,236807971.0,1851052872.0
2021-08-27,002027.SZ,5.88,5.95,5.62,5.65,195007682.0,1464616418.0
2021-08-30,002027.SZ,5.68,5.72,5.42,5.49,242391942.0,1752479941.0
2021-08-31,002027.SZ,5.49,5.62,5.42,5.49,183482371.0,1319292378.0
2021-09-01,002027.SZ,5.49,5.61,5.39,5.58,166785642.0,1207948760.0
2021-09-02,002027.SZ,5.61,5.64,5.47,5.52,136710237.0,988983252.0
2021-09-03,002027.SZ,5.49,5.57,5.42,5.49,122588699.0,882483772.0
2021-09-06,002027.SZ,5.51,5.59,5.46,5.55,149991056.0,1089009244.0
2021-09-07,002027.SZ,5.56,5.74,5.54,5.68,183952964.0,1361086488.0
2021-09-08,002027.SZ,5.69,5.86,5.67,5.72,178336238.0,1344573891.0
2021-09-09,002027.SZ,5.68,5.76,5.59,5.68,138116535.0,1023409185.0
2021-09-10,002027.SZ,5.68,5.83,5.62,5.73,141176731.0,1062850667.0
2021-09-13,002027.SZ,5.76,5.79,5.61,5.64,126117687.0,932928705.0
2021-09-14,002027.SZ,5.68,5.68,5.5,5.53,129623977.0,946619906.0
2021-09-15,002027.SZ,5.5,5.55,5.43,5.49,121315313.0,871461734.0
2021-09-16,002027.SZ,5.49,5.56,5.46,5.47,105375857.0,760781731.0
2021-09-17,002027.SZ,5.48,5.58,5.43,5.58,119863232.0,865081214.0
2021-09-22,002027.SZ,5.49,5.56,5.48,5.52,68661734.0,495556297.0
2021-09-23,002027.SZ,5.55,5.7,5.49,5.52,126608644.0,922853638.0
2021-09-24,002027.SZ,5.5,5.65,5.45,5.55,119620304.0,872527803.0
2021-09-27,002027.SZ,5.55,5.84,5.53,5.79,235865295.0,1772801919.0
2021-09-28,002027.SZ,5.79,5.79,5.61,5.65,137268845.0,1017752879.0
2021-09-29,002027.SZ,5.57,5.61,5.47,5.51,109589854.0,792183457.0
2021-09-30,002027.SZ,5.52,5.69,5.52,5.59,86021274.0,630276281.0
2021-10-08,002027.SZ,5.65,5.91,5.57,5.82,230044421.0,1743286280.0
2021-10-11,002027.SZ,5.87,5.94,5.74,5.75,138564172.0,1057548280.0
2021-10-12,002027.SZ,5.75,5.86,5.65,5.8,139727280.0,1054673739.0
2021-10-13,002027.SZ,5.81,6.03,5.69,6.02,200625036.0,1552867480.0
2021-10-14,002027.SZ,5.95,6.14,5.95,6.03,166524971.0,1319754100.0
2021-10-15,002027.SZ,6.0,6.08,5.91,6.01,136602577.0,1075671771.0
2021-10-18,002027.SZ,6.02,6.04,5.84,5.86,120143577.0,927481975.0
2021-10-19,002027.SZ,5.81,5.94,5.81,5.88,87809600.0,676626230.0
2021-10-20,002027.SZ,5.91,5.93,5.72,5.74,127346709.0,964471289.0
2021-10-21,002027.SZ,5.74,5.83,5.67,5.72,98885452.0,744058303.0
2021-10-22,002027.SZ,5.73,6.0,5.71,5.89,136538429.0,1019324933.0
2021-10-25,002027.SZ,5.88,5.96,5.69,5.77,163438440.0,1205047376.0
2021-10-26,002027.SZ,5.73,5.94,5.72,5.84,113370866.0,845363111.0
2021-10-27,002027.SZ,5.83,5.83,5.49,5.51,276779245.0,1968061664.0
2021-10-28,002027.SZ,5.5,5.56,5.26,5.54,196857600.0,1356309410.0
2021-10-29,002027.SZ,5.49,5.79,5.45,5.78,183911896.0,1331254531.0
2021-11-01,002027.SZ,5.64,5.74,5.56,5.66,207212062.0,1488287729.0
2021-11-02,002027.SZ,5.66,6.0,5.63,5.86,281232420.0,2098333229.0
2021-11-03,002027.SZ,5.81,5.98,5.76,5.85,150148141.0,1124687999.0
2021-11-04,002027.SZ,5.9,6.14,5.85,6.09,216701833.0,1665014152.0
2021-11-05,002027.SZ,6.03,6.08,5.78,5.83,251368488.0,1886964698.0
2021-11-08,002027.SZ,5.81,6.04,5.74,5.99,171482428.0,1292949429.0
2021-11-09,002027.SZ,5.96,6.02,5.86,5.88,110243939.0,829314119.0
2021-11-10,002027.SZ,5.88,5.93,5.77,5.83,114647960.0,851686920.0
2021-11-11,002027.SZ,5.78,5.84,5.74,5.79,107154651.0,790967624.0
2021-11-12,002027.SZ,5.81,5.83,5.65,5.71,151278026.0,1102702409.0
2021-11-15,002027.SZ,5.65,5.96,5.65,5.93,205418282.0,1532014813.0
2021-11-16,002027.SZ,5.93,6.07,5.9,5.98,142529872.0,1091473214.0
2021-11-17,002027.SZ,5.99,6.01,5.78,5.8,153074984.0,1137866491.0
2021-11-18,002027.SZ,5.78,5.78,5.63,5.66,167013819.0,1209812527.0
2021-11-19,002027.SZ,5.63,5.71,5.6,5.69,125412170.0,904070621.0
2021-11-22,002027.SZ,5.69,5.76,5.65,5.67,106756215.0,775315264.0
2021-11-23,002027.SZ,5.66,5.71,5.58,5.63,137851693.0,987098780.0
2021-11-24,002027.SZ,5.63,5.71,5.57,5.67,118120096.0,848120658.0
2021-11-25,002027.SZ,5.65,5.75,5.62,5.71,107520022.0,781632404.0
2021-11-26,002027.SZ,5.73,5.73,5.59,5.65,106891086.0,768046472.0
2021-11-29,002027.SZ,5.59,5.67,5.57,5.59,122117000.0,872653127.0
2021-11-30,002027.SZ,5.6,5.61,5.5,5.55,112988357.0,798693697.0
2021-12-01,002027.SZ,5.52,5.57,5.5,5.57,70783801.0,500007408.0
2021-12-02,002027.SZ,5.56,5.59,5.54,5.58,105101511.0,745333921.0
2021-12-03,002027.SZ,5.6,5.6,5.5,5.55,121612533.0,857140377.0
2021-12-06,002027.SZ,5.53,5.54,5.42,5.42,149339079.0,1042888034.0
2021-12-07,002027.SZ,5.45,5.55,5.45,5.54,154087324.0,1081324891.0
2021-12-08,002027.SZ,5.56,5.56,5.46,5.56,128482155.0,905319452.0
2021-12-09,002027.SZ,5.57,6.12,5.56,6.07,631899720.0,4798980363.0
2021-12-10,002027.SZ,5.99,6.34,5.94,6.2,429980194.0,3380469360.0
2021-12-13,002027.SZ,6.32,6.51,6.26,6.38,336352205.0,2754887307.0
2021-12-14,002027.SZ,6.43,6.46,6.17,6.21,214770686.0,1712308193.0
2021-12-15,002027.SZ,6.21,6.21,6.03,6.08,147976600.0,1152899351.0
2021-12-16,002027.SZ,6.14,6.29,6.07,6.21,164498033.0,1295892188.0
2021-12-17,002027.SZ,6.16,6.21,6.07,6.07,97662784.0,759378416.0
2021-12-20,002027.SZ,6.04,6.12,5.93,5.98,126768414.0,970881757.0
2021-12-21,002027.SZ,5.97,6.1,5.96,6.04,137589313.0,1057914372.0
2021-12-22,002027.SZ,6.03,6.19,5.97,6.06,129021308.0,1002207711.0
2021-12-23,002027.SZ,6.04,6.15,5.93,6.08,156700572.0,1206730617.0
2021-12-24,002027.SZ,6.07,6.21,6.03,6.14,117942172.0,921919408.0
2021-12-27,002027.SZ,6.16,6.39,6.13,6.3,161524418.0,1289343176.0
2021-12-28,002027.SZ,6.32,6.47,6.22,6.45,219736264.0,1784152922.0
2021-12-29,002027.SZ,6.44,6.44,6.22,6.22,126388983.0,1012740135.0
2021-12-30,002027.SZ,6.18,6.54,6.15,6.48,173969620.0,1419413697.0
2021-12-31,002027.SZ,6.49,6.51,6.36,6.43,109877035.0,900382537.0
2022-01-04,002027.SZ,6.4,6.73,6.36,6.67,186084250.0,1571628770.0
2022-01-05,002027.SZ,6.67,6.87,6.53,6.6,166144466.0,1409516672.0
2022-01-06,002027.SZ,6.58,6.59,6.38,6.45,117923201.0,969957841.0
2022-01-07,002027.SZ,6.47,6.77,6.47,6.62,202791249.0,1726110260.0
2022-01-10,002027.SZ,6.62,6.75,6.47,6.59,117146500.0,979376363.0
2022-01-11,002027.SZ,6.58,6.6,6.33,6.47,131758607.0,1085908058.0
2022-01-12,002027.SZ,6.47,6.5,6.33,6.44,85353328.0,698173173.0
2022-01-13,002027.SZ,6.44,6.52,6.28,6.29,85259906.0,690526441.0
2022-01-14,002027.SZ,6.24,6.31,6.15,6.18,91533585.0,725694978.0
2022-01-17,002027.SZ,6.22,6.32,6.13,6.17,100813646.0,797336206.0
2022-01-18,002027.SZ,6.18,6.25,6.12,6.2,64885156.0,510919041.0
2022-01-19,002027.SZ,6.17,6.22,6.05,6.09,108608261.0,845777952.0
2022-01-20,002027.SZ,6.12,6.41,6.05,6.36,168838150.0,1353531865.0
2022-01-21,002027.SZ,6.32,6.47,6.25,6.28,124480167.0,1006156049.0
2022-01-24,002027.SZ,6.25,6.5,6.22,6.44,122017740.0,996074954.0
2022-01-25,002027.SZ,6.4,6.41,6.13,6.13,131237392.0,1044969249.0
2022-01-26,002027.SZ,6.13,6.23,5.95,6.06,116960043.0,902396827.0
2022-01-27,002027.SZ,6.07,6.16,6.01,6.03,82522519.0,639489298.0
2022-01-28,002027.SZ,6.05,6.11,5.92,5.98,76762143.0,590227292.0
2022-02-07,002027.SZ,6.1,6.14,5.98,6.03,72767597.0,559935823.0
2022-02-08,002027.SZ,6.02,6.08,5.9,6.0,126388132.0,963209626.0
2022-02-09,002027.SZ,6.0,6.22,5.98,6.12,178281101.0,1381039589.0
2022-02-10,002027.SZ,6.13,6.51,6.07,6.47,257076170.0,2088239955.0
2022-02-11,002027.SZ,6.48,6.66,6.32,6.35,176244530.0,1454316458.0
2022-02-14,002027.SZ,6.37,6.39,6.23,6.27,101447867.0,812245928.0
2022-02-15,002027.SZ,6.27,6.39,6.24,6.35,99145999.0,799424554.0
2022-02-16,002027.SZ,6.38,6.47,6.28,6.32,71786746.0,581558805.0
2022-02-17,002027.SZ,6.29,6.41,6.28,6.3,68347191.0,551679315.0
2022-02-18,002027.SZ,6.25,6.4,6.24,6.36,72541247.0,584519925.0
2022-02-21,002027.SZ,6.33,6.36,6.24,6.29,69577585.0,558200369.0
2022-02-22,002027.SZ,6.25,6.25,6.03,6.1,112878105.0,877816137.0
2022-02-23,002027.SZ,6.08,6.38,6.07,6.31,133792053.0,1069820427.0
2022-02-24,002027.SZ,6.33,6.34,5.98,6.06,155729515.0,1212988529.0
2022-02-25,002027.SZ,6.1,6.24,6.1,6.11,84517995.0,662631657.0
2022-02-28,002027.SZ,6.11,6.13,5.89,6.0,134296659.0,1020309468.0
2022-03-01,002027.SZ,6.0,6.03,5.9,5.99,104430623.0,792031761.0
2022-03-02,002027.SZ,5.96,5.97,5.71,5.73,183026046.0,1349537859.0
2022-03-03,002027.SZ,5.73,5.76,5.67,5.75,118916358.0,866727501.0
2022-03-04,002027.SZ,5.7,5.73,5.62,5.64,94816748.0,684383603.0
2022-03-07,002027.SZ,5.6,5.68,5.5,5.59,105547174.0,750399332.0
2022-03-08,002027.SZ,5.57,5.64,5.38,5.42,147150402.0,1026924832.0
2022-03-09,002027.SZ,5.45,5.52,5.26,5.52,142505245.0,988056274.0
2022-03-10,002027.SZ,5.69,5.69,5.42,5.44,159770183.0,1122385997.0
2022-03-11,002027.SZ,5.34,5.47,5.19,5.33,177457810.0,1195829711.0
2022-03-14,002027.SZ,5.24,5.27,4.83,4.84,286801462.0,1832391953.0
2022-03-15,002027.SZ,4.76,4.8,4.44,4.44,327207525.0,1926089581.0
2022-03-16,002027.SZ,4.58,4.87,4.45,4.8,267665053.0,1576507131.0
2022-03-17,002027.SZ,5.02,5.14,4.89,5.0,211457923.0,1352537838.0
2022-03-18,002027.SZ,4.96,5.05,4.9,4.98,151760987.0,962628668.0
2022-03-21,002027.SZ,5.02,5.04,4.81,4.87,185544802.0,1151933268.0
2022-03-22,002027.SZ,4.86,4.93,4.78,4.89,139402717.0,860817139.0
2022-03-23,002027.SZ,4.92,4.94,4.83,4.87,116145626.0,721302969.0
2022-03-24,002027.SZ,4.83,4.86,4.77,4.79,104544452.0,639997439.0
2022-03-25,002027.SZ,4.83,4.83,4.69,4.74,101472201.0,614413454.0
2022-03-28,002027.SZ,4.69,4.76,4.65,4.71,83430205.0,499513225.0
2022-03-29,002027.SZ,4.72,4.74,4.63,4.65,90955290.0,542368397.0
2022-03-30,002027.SZ,4.71,4.8,4.62,4.8,150338246.0,902985625.0
2022-03-31,002027.SZ,4.77,4.92,4.74,4.8,126110322.0,774468146.0
2022-04-01,002027.SZ,4.79,4.92,4.72,4.88,116391949.0,720760464.0
2022-04-06,002027.SZ,4.87,4.93,4.8,4.83,104986760.0,648857644.0
2022-04-07,002027.SZ,4.83,4.84,4.69,4.71,91893907.0,556062275.0
2022-04-08,002027.SZ,4.74,4.74,4.59,4.68,97418881.0,580284674.0
2022-04-11,002027.SZ,4.68,4.69,4.44,4.46,144156237.0,828804109.0
2022-04-12,002027.SZ,4.47,4.69,4.47,4.66,160145343.0,932864369.0
2022-04-13,002027.SZ,4.63,4.7,4.57,4.61,104471952.0,615450856.0
2022-04-14,002027.SZ,4.63,4.69,4.56,4.62,122874316.0,726044988.0
2022-04-15,002027.SZ,4.6,4.69,4.58,4.62,80792638.0,477390892.0
2022-04-18,002027.SZ,4.59,4.59,4.46,4.51,124470008.0,713068396.0
2022-04-19,002027.SZ,4.49,4.61,4.44,4.47,105133093.0,602187376.0
2022-04-20,002027.SZ,4.49,4.57,4.39,4.43,149303733.0,851480835.0
2022-04-21,002027.SZ,4.39,4.39,4.21,4.21,202526750.0,1105690260.0
2022-04-22,002027.SZ,4.21,4.43,4.18,4.39,174469940.0,963267083.0
2022-04-25,002027.SZ,4.28,4.34,4.14,4.15,147073775.0,795442792.0
2022-04-26,002027.SZ,4.19,4.2,3.98,4.01,134754098.0,700472409.0
2022-04-27,002027.SZ,3.97,4.23,3.88,4.22,179437031.0,931705704.0
2022-04-28,002027.SZ,4.18,4.21,4.07,4.16,97597156.0,513811926.0
2022-04-29,002027.SZ,4.1,4.58,4.07,4.58,246705752.0,1379434320.0
2022-05-05,002027.SZ,4.55,4.66,4.47,4.62,262028772.0,1528495438.0
2022-05-06,002027.SZ,4.49,4.59,4.39,4.48,170696293.0,977943622.0
2022-05-09,002027.SZ,4.46,4.53,4.45,4.49,81383904.0,465036079.0
2022-05-10,002027.SZ,4.4,4.54,4.34,4.51,165070226.0,941202267.0
2022-05-11,002027.SZ,4.52,4.79,4.49,4.63,203994901.0,1215102476.0
2022-05-12,002027.SZ,4.6,4.64,4.48,4.54,105354943.0,611318355.0
2022-05-13,002027.SZ,4.55,4.57,4.39,4.43,112496241.0,637071079.0
2022-05-16,002027.SZ,4.48,4.61,4.38,4.43,139191593.0,789819518.0
2022-05-17,002027.SZ,4.37,4.54,4.37,4.52,97270568.0,554583699.0
2022-05-18,002027.SZ,4.54,4.59,4.47,4.56,120571558.0,699190953.0
2022-05-19,002027.SZ,4.48,4.51,4.43,4.47,114090596.0,648045641.0
2022-05-20,002027.SZ,4.5,4.69,4.47,4.65,173760495.0,1016219513.0
2022-05-23,002027.SZ,4.64,4.67,4.43,4.47,237499226.0,1364053826.0
2022-05-24,002027.SZ,4.49,4.49,4.3,4.3,129530512.0,722696676.0
2022-05-25,002027.SZ,4.3,4.4,4.28,4.39,85390388.0,474397616.0
2022-05-26,002027.SZ,4.39,4.63,4.36,4.58,233023667.0,1343847399.0
2022-05-27,002027.SZ,4.63,4.69,4.48,4.53,153757341.0,892875746.0
2022-05-30,002027.SZ,4.59,4.72,4.59,4.69,208947650.0,1243198759.0
2022-05-31,002027.SZ,4.69,5.09,4.69,5.04,304155563.0,1905804741.0
2022-06-01,002027.SZ,5.02,5.11,4.96,5.06,213970584.0,1370029496.0
2022-06-02,002027.SZ,5.01,5.04,4.94,5.0,131857058.0,837299814.0
2022-06-06,002027.SZ,5.0,5.23,4.97,5.16,157622738.0,1030285180.0
2022-06-07,002027.SZ,5.17,5.21,5.11,5.16,85877993.0,564394021.0
2022-06-08,002027.SZ,5.16,5.21,5.05,5.18,113806769.0,744913890.0
2022-06-09,002027.SZ,5.14,5.28,5.06,5.12,147331800.0,966012991.0
2022-06-10,002027.SZ,5.1,5.11,4.91,5.02,233433235.0,1484846779.0
2022-06-13,002027.SZ,4.99,5.01,4.81,4.9,208803290.0,1298463072.0
2022-06-14,002027.SZ,4.87,4.92,4.77,4.88,155766805.0,958692409.0
2022-06-15,002027.SZ,4.9,5.13,4.84,5.01,177131405.0,1127911093.0
2022-06-16,002027.SZ,5.01,5.07,4.95,4.98,135589359.0,865025403.0
2022-06-17,002027.SZ,4.93,5.01,4.84,5.01,145038696.0,911433825.0
2022-06-20,002027.SZ,5.02,5.14,4.98,5.1,124120052.0,801251332.0
2022-06-21,002027.SZ,5.09,5.21,5.06,5.12,114125154.0,747751590.0
2022-06-22,002027.SZ,5.14,5.16,4.91,4.92,142832721.0,907520904.0
2022-06-23,002027.SZ,4.91,4.94,4.85,4.94,97833381.0,611519131.0
2022-06-24,002027.SZ,4.93,5.02,4.9,4.98,106634553.0,674217822.0
2022-06-27,002027.SZ,5.01,5.27,4.95,5.1,193105668.0,1263899353.0
2022-06-28,002027.SZ,5.12,5.19,5.03,5.18,103331436.0,673160482.0
2022-06-29,002027.SZ,5.12,5.42,5.12,5.22,159973036.0,1078453036.0
2022-06-30,002027.SZ,5.31,5.42,5.26,5.28,144020371.0,979675542.0
2022-07-01,002027.SZ,5.26,5.32,5.17,5.2,73189264.0,486094949.0
2022-07-04,002027.SZ,5.19,5.29,5.09,5.29,90755919.0,603557523.0
2022-07-05,002027.SZ,5.3,5.43,5.23,5.31,149687794.0,1014900009.0
2022-07-06,002027.SZ,5.27,5.29,5.05,5.15,190370042.0,1240067470.0
2022-07-07,002027.SZ,5.14,5.25,5.07,5.11,131105823.0,858366922.0
2022-07-08,002027.SZ,5.16,5.32,5.15,5.21,126805733.0,848024061.0
2022-07-11,002027.SZ,5.22,5.22,4.87,4.93,206222685.0,1302094141.0
2022-07-12,002027.SZ,4.92,4.97,4.87,4.89,84004731.0,524287172.0
2022-07-13,002027.SZ,4.9,4.93,4.81,4.84,100037750.0,617914473.0
2022-07-14,002027.SZ,4.8,4.95,4.79,4.9,87834799.0,547687046.0
2022-07-15,002027.SZ,4.9,4.95,4.84,4.86,79442840.0,495733288.0
2022-07-18,002027.SZ,4.86,4.99,4.84,4.97,91827297.0,576157755.0
2022-07-19,002027.SZ,4.93,5.05,4.93,4.97,58162848.0,368843195.0
2022-07-20,002027.SZ,4.99,5.03,4.92,4.95,49890248.0,315791409.0
2022-07-21,002027.SZ,4.96,4.96,4.87,4.87,59641041.0,372002752.0
2022-07-22,002027.SZ,4.87,4.9,4.72,4.8,83971492.0,514138597.0
2022-07-25,002027.SZ,4.8,4.81,4.68,4.72,95086082.0,571750766.0
2022-07-26,002027.SZ,4.76,4.86,4.72,4.8,77923826.0,476670721.0
2022-07-27,002027.SZ,4.8,4.81,4.71,4.73,79152721.0,478565622.0
2022-07-28,002027.SZ,4.76,4.87,4.72,4.76,63392210.0,386344166.0
2022-07-29,002027.SZ,4.73,4.76,4.61,4.64,98617900.0,586162751.0
2022-08-01,002027.SZ,4.63,4.7,4.56,4.69,49056170.0,290939422.0
2022-08-02,002027.SZ,4.63,4.69,4.5,4.62,105815399.0,619418779.0
2022-08-03,002027.SZ,4.66,4.69,4.49,4.52,94170080.0,538345773.0
2022-08-04,002027.SZ,4.54,4.69,4.54,4.65,88513784.0,511105540.0
2022-08-05,002027.SZ,4.64,4.74,4.63,4.73,51006625.0,298234332.0
2022-08-08,002027.SZ,4.72,4.73,4.61,4.61,70853025.0,409378978.0
2022-08-09,002027.SZ,4.61,4.65,4.57,4.65,40419241.0,232398711.0
2022-08-10,002027.SZ,4.62,4.63,4.53,4.57,50769658.0,289068034.0
2022-08-11,002027.SZ,4.59,4.79,4.58,4.78,99327900.0,582637176.0
2022-08-12,002027.SZ,4.8,4.82,4.72,4.76,46957981.0,278379918.0
2022-08-15,002027.SZ,4.73,4.74,4.65,4.65,71658942.0,418005845.0
2022-08-16,002027.SZ,4.67,4.69,4.62,4.68,60048670.0,348887783.0
2022-08-17,002027.SZ,4.67,4.77,4.6,4.75,85848501.0,502078745.0
2022-08-18,002027.SZ,4.73,4.74,4.63,4.69,67347947.0,393007833.0
2022-08-19,002027.SZ,4.69,4.88,4.66,4.76,117287553.0,701953798.0
2022-08-22,002027.SZ,4.76,4.83,4.66,4.73,64452177.0,380297534.0
2022-08-23,002027.SZ,4.7,4.73,4.64,4.65,66030538.0,383755553.0
2022-08-24,002027.SZ,4.64,4.72,4.62,4.63,56628797.0,328240836.0
2022-08-25,002027.SZ,4.64,4.79,4.6,4.78,97246178.0,570113607.0
2022-08-26,002027.SZ,4.81,4.86,4.73,4.77,62878660.0,376426174.0
2022-08-29,002027.SZ,4.72,4.76,4.65,4.74,58894944.0,345536968.0
2022-08-30,002027.SZ,4.72,4.78,4.66,4.69,54419040.0,318685548.0
2022-08-31,002027.SZ,4.7,4.92,4.69,4.86,201426501.0,1221047348.0
2022-09-01,002027.SZ,4.86,4.86,4.7,4.72,99300971.0,591091583.0
2022-09-02,002027.SZ,4.72,4.75,4.67,4.7,59033055.0,346253140.0
2022-09-05,002027.SZ,4.71,4.72,4.51,4.53,146659457.0,832066842.0
2022-09-06,002027.SZ,4.54,4.57,4.5,4.57,70431677.0,398583033.0
2022-09-07,002027.SZ,4.53,4.53,4.45,4.47,89302294.0,498283985.0
2022-09-08,002027.SZ,4.48,4.51,4.45,4.45,56254008.0,313237087.0
2022-09-09,002027.SZ,4.45,4.53,4.41,4.52,61875960.0,346357276.0
2022-09-13,002027.SZ,4.53,4.65,4.53,4.57,83613148.0,478732932.0
2022-09-14,002027.SZ,4.52,4.57,4.5,4.52,53639121.0,302451390.0
2022-09-15,002027.SZ,4.53,4.61,4.45,4.47,96289882.0,542406068.0
2022-09-16,002027.SZ,4.46,4.46,4.31,4.32,103926826.0,566627016.0
2022-09-19,002027.SZ,4.33,4.37,4.25,4.33,64072078.0,344977946.0
2022-09-20,002027.SZ,4.35,4.4,4.32,4.36,59909938.0,324855324.0
2022-09-21,002027.SZ,4.33,4.34,4.26,4.31,56267990.0,300630754.0
2022-09-22,002027.SZ,4.29,4.29,4.12,4.14,121217671.0,633556705.0
2022-09-23,002027.SZ,4.14,4.16,4.04,4.12,129855797.0,663028728.0
2022-09-26,002027.SZ,4.09,4.2,4.07,4.14,112394979.0,581632069.0
2022-09-27,002027.SZ,4.16,4.41,4.11,4.38,155377304.0,827341086.0
2022-09-28,002027.SZ,4.39,4.48,4.33,4.41,145554373.0,801786416.0
2022-09-29,002027.SZ,4.43,4.47,4.33,4.36,73185080.0,399576376.0
2022-09-30,002027.SZ,4.35,4.49,4.33,4.43,106995355.0,591439541.0
2022-10-10,002027.SZ,4.43,4.45,4.35,4.37,86506596.0,473322795.0
2022-10-11,002027.SZ,4.39,4.39,4.28,4.32,86232344.0,463563082.0
2022-10-12,002027.SZ,4.35,4.37,4.21,4.37,141147184.0,754736689.0
2022-10-13,002027.SZ,4.36,4.4,4.32,4.33,87232015.0,472896851.0
2022-10-14,002027.SZ,4.38,4.53,4.37,4.52,136293479.0,762151344.0
2022-10-17,002027.SZ,4.52,4.6,4.46,4.56,116874431.0,662316360.0
2022-10-18,002027.SZ,4.57,4.61,4.53,4.55,98488758.0,560445987.0
2022-10-19,002027.SZ,4.51,4.53,4.39,4.4,88171468.0,487516424.0
2022-10-20,002027.SZ,4.37,4.47,4.37,4.39,81658935.0,449140296.0
2022-10-21,002027.SZ,4.39,4.41,4.29,4.32,74010176.0,399231023.0
2022-10-24,002027.SZ,4.29,4.34,4.01,4.05,177525842.0,911633968.0
2022-10-25,002027.SZ,4.01,4.1,3.97,4.01,103788602.0,520776377.0
2022-10-26,002027.SZ,4.03,4.09,4.0,4.01,117305533.0,589981320.0
2022-10-27,002027.SZ,4.04,4.06,3.93,3.96,123454326.0,613220176.0
2022-10-28,002027.SZ,3.88,3.92,3.69,3.76,207735875.0,974792679.0
2022-10-31,002027.SZ,3.62,3.65,3.4,3.6,241191640.0,1065650522.0
2022-11-01,002027.SZ,3.61,3.95,3.54,3.88,235299956.0,1100799386.0
2022-11-02,002027.SZ,3.88,4.16,3.84,4.06,244639270.0,1220498669.0
2022-11-03,002027.SZ,3.98,4.08,3.96,4.02,130407602.0,653472331.0
2022-11-04,002027.SZ,4.02,4.36,4.01,4.22,285637466.0,1504497536.0
2022-11-07,002027.SZ,4.17,4.32,4.13,4.25,115246209.0,606666021.0
2022-11-08,002027.SZ,4.25,4.29,4.13,4.16,112800447.0,587087502.0
2022-11-09,002027.SZ,4.14,4.21,4.1,4.14,89547175.0,463521735.0
2022-11-10,002027.SZ,4.11,4.37,4.1,4.32,177197994.0,942479492.0
2022-11-11,002027.SZ,4.45,4.65,4.44,4.57,239022190.0,1357042273.0
2022-11-14,002027.SZ,4.62,4.82,4.62,4.71,259318256.0,1533820303.0
2022-11-15,002027.SZ,4.71,4.76,4.66,4.71,123799865.0,726182796.0
2022-11-16,002027.SZ,4.7,4.8,4.69,4.73,97741357.0,578376979.0
2022-11-17,002027.SZ,4.73,4.85,4.69,4.78,110564911.0,656583872.0
2022-11-18,002027.SZ,4.73,4.9,4.73,4.81,160242560.0,960415898.0
2022-11-21,002027.SZ,4.69,4.72,4.53,4.61,188557021.0,1081884112.0
2022-11-22,002027.SZ,4.62,4.69,4.57,4.62,85241482.0,491782494.0
2022-11-23,002027.SZ,4.57,4.59,4.46,4.53,98473351.0,555514686.0
2022-11-24,002027.SZ,4.55,4.6,4.45,4.46,65043436.0,364273931.0
2022-11-25,002027.SZ,4.49,4.51,4.4,4.44,72026414.0,398671626.0
2022-11-28,002027.SZ,4.36,4.49,4.25,4.38,139407859.0,758118982.0
2022-11-29,002027.SZ,4.49,4.77,4.44,4.75,200766232.0,1164412092.0
2022-11-30,002027.SZ,4.74,4.86,4.71,4.81,158613956.0,948991865.0
2022-12-01,002027.SZ,5.1,5.29,5.03,5.06,396616258.0,2547636774.0
2022-12-02,002027.SZ,5.06,5.1,4.82,4.82,197060203.0,1205387365.0
2022-12-05,002027.SZ,4.97,5.19,4.95,5.14,233063470.0,1481210556.0
2022-12-06,002027.SZ,5.13,5.23,5.06,5.15,181289149.0,1164601496.0
2022-12-07,002027.SZ,5.11,5.32,5.05,5.15,208618529.0,1345705235.0
2022-12-08,002027.SZ,5.14,5.36,5.1,5.33,180480277.0,1183924823.0
2022-12-09,002027.SZ,5.3,5.53,5.24,5.51,210170772.0,1417021406.0
2022-12-12,002027.SZ,5.46,5.52,5.26,5.3,199747799.0,1335445656.0
2022-12-13,002027.SZ,5.34,5.42,5.3,5.3,113955399.0,759346980.0
2022-12-14,002027.SZ,5.3,5.58,5.22,5.51,175392534.0,1192977013.0
2022-12-15,002027.SZ,5.54,5.56,5.3,5.32,140005057.0,939011033.0
2022-12-16,002027.SZ,5.3,5.37,5.22,5.33,103429692.0,684055652.0
2022-12-19,002027.SZ,5.34,5.49,5.23,5.26,108505705.0,715888491.0
2022-12-20,002027.SZ,5.3,5.31,5.1,5.13,68162504.0,439422156.0
2022-12-21,002027.SZ,5.14,5.22,5.14,5.2,62644167.0,404756649.0
2022-12-22,002027.SZ,5.22,5.43,5.19,5.3,123723402.0,823831139.0
2022-12-23,002027.SZ,5.27,5.42,5.25,5.36,74315203.0,495296603.0
2022-12-26,002027.SZ,5.37,5.5,5.23,5.25,89049385.0,592857438.0
2022-12-27,002027.SZ,5.32,5.4,5.26,5.35,67868985.0,451028114.0
2022-12-28,002027.SZ,5.34,5.4,5.31,5.37,71906108.0,480248336.0
2022-12-29,002027.SZ,5.35,5.44,5.25,5.37,72459855.0,482775586.0
2022-12-30,002027.SZ,5.41,5.44,5.32,5.36,48184181.0,322544415.0
2023-01-03,002027.SZ,5.38,5.59,5.34,5.46,145140200.0,991310566.0
2023-01-04,002027.SZ,5.5,5.63,5.41,5.55,134519867.0,931352949.0
2023-01-05,002027.SZ,5.59,5.97,5.55,5.93,210486012.0,1538033966.0
2023-01-06,002027.SZ,5.95,5.99,5.46,5.52,283942038.0,1993682150.0
2023-01-09,002027.SZ,5.53,5.73,5.51,5.67,119321077.0,841180509.0
2023-01-10,002027.SZ,5.67,5.71,5.56,5.64,89242734.0,625741052.0
2023-01-11,002027.SZ,5.73,5.73,5.51,5.54,113155566.0,771538049.0
2023-01-12,002027.SZ,5.57,5.6,5.45,5.56,67800395.0,458637669.0
2023-01-13,002027.SZ,5.59,5.75,5.54,5.75,94803016.0,656141984.0
2023-01-16,002027.SZ,5.78,5.85,5.63,5.79,106602367.0,748976069.0
2023-01-17,002027.SZ,5.81,5.81,5.55,5.63,112852373.0,774708096.0
2023-01-18,002027.SZ,5.63,5.67,5.54,5.57,70569195.0,480954070.0
2023-01-19,002027.SZ,5.55,5.74,5.49,5.73,100992019.0,697008167.0
2023-01-20,002027.SZ,5.72,5.77,5.67,5.73,68495322.0,478164481.0
2023-01-30,002027.SZ,5.85,5.95,5.63,5.67,127365040.0,889334419.0
2023-01-31,002027.SZ,5.67,5.73,5.63,5.69,93405902.0,648496123.0
2023-02-01,002027.SZ,5.71,5.71,5.48,5.57,157432063.0,1065315828.0
2023-02-02,002027.SZ,5.57,5.67,5.52,5.59,81281884.0,556514604.0
2023-02-03,002027.SZ,5.6,5.63,5.49,5.55,66235363.0,448582843.0
2023-02-06,002027.SZ,5.49,5.55,5.34,5.45,93571696.0,622603458.0
2023-02-07,002027.SZ,5.52,5.53,5.35,5.39,108753791.0,716379900.0
2023-02-08,002027.SZ,5.43,5.5,5.36,5.38,52008584.0,343775361.0
2023-02-09,002027.SZ,5.39,5.54,5.35,5.53,70419895.0,471210727.0
2023-02-10,002027.SZ,5.52,5.64,5.49,5.57,69658837.0,474239269.0
2023-02-13,002027.SZ,5.55,5.73,5.49,5.66,157883591.0,1091886808.0
2023-02-14,002027.SZ,5.67,5.68,5.55,5.59,82668586.0,565764621.0
2023-02-15,002027.SZ,5.62,5.63,5.54,5.58,54765320.0,372830867.0
2023-02-16,002027.SZ,5.58,5.72,5.52,5.55,104051745.0,716940309.0
2023-02-17,002027.SZ,5.55,5.61,5.42,5.44,86905788.0,583066135.0
2023-02-20,002027.SZ,5.45,5.59,5.4,5.59,119954185.0,806761585.0
2023-02-21,002027.SZ,5.6,5.61,5.4,5.48,105748873.0,708187535.0
2023-02-22,002027.SZ,5.44,5.46,5.33,5.35,103123880.0,677486247.0
2023-02-23,002027.SZ,5.33,5.37,5.26,5.28,87785467.0,568621513.0
2023-02-24,002027.SZ,5.29,5.32,5.16,5.22,131661071.0,838430172.0
2023-02-27,002027.SZ,5.21,5.24,5.15,5.19,61450271.0,389513719.0
2023-02-28,002027.SZ,5.23,5.45,5.2,5.35,135083700.0,882592153.0
2023-03-01,002027.SZ,5.4,5.53,5.36,5.52,101735628.0,680101285.0
2023-03-02,002027.SZ,5.51,5.54,5.47,5.54,67882667.0,457179649.0
2023-03-03,002027.SZ,5.55,5.64,5.45,5.5,75931862.0,512142136.0
2023-03-06,002027.SZ,5.51,5.53,5.26,5.29,135895653.0,888150604.0
2023-03-07,002027.SZ,5.31,5.34,5.22,5.22,77175763.0,497205713.0
2023-03-08,002027.SZ,5.22,5.25,5.14,5.23,76568198.0,485443992.0
2023-03-09,002027.SZ,5.23,5.28,5.18,5.23,53525765.0,342267136.0
2023-03-10,002027.SZ,5.18,5.27,5.16,5.17,75889782.0,482393877.0
2023-03-13,002027.SZ,5.19,5.35,5.18,5.31,71883880.0,464052868.0
2023-03-14,002027.SZ,5.31,5.34,5.23,5.23,64029193.0,412450205.0
2023-03-15,002027.SZ,5.29,5.44,5.25,5.35,103556344.0,678672107.0
2023-03-16,002027.SZ,5.32,5.38,5.25,5.26,78001476.0,505055309.0
2023-03-17,002027.SZ,5.32,5.49,5.3,5.42,149498526.0,991637658.0
2023-03-20,002027.SZ,5.69,5.72,5.3,5.33,244729438.0,1650377448.0
2023-03-21,002027.SZ,5.36,5.52,5.33,5.44,130468986.0,863282508.0
2023-03-22,002027.SZ,5.49,5.58,5.41,5.52,150988659.0,1014650811.0
2023-03-23,002027.SZ,5.52,5.54,5.42,5.46,120676345.0,805286523.0
2023-03-24,002027.SZ,5.47,5.55,5.4,5.45,111189063.0,741326351.0
2023-03-27,002027.SZ,5.49,5.66,5.45,5.52,159022006.0,1078773664.0
2023-03-28,002027.SZ,5.52,5.72,5.49,5.56,209213732.0,1436522572.0
2023-03-29,002027.SZ,5.62,5.64,5.42,5.44,138348650.0,925262291.0
2023-03-30,002027.SZ,5.44,5.56,5.39,5.56,112866758.0,756583431.0
2023-03-31,002027.SZ,5.57,5.63,5.47,5.63,102680537.0,697800962.0
2023-04-03,002027.SZ,5.6,5.6,5.42,5.51,153175134.0,1026887173.0
2023-04-04,002027.SZ,5.51,5.59,5.39,5.44,136464603.0,910659091.0
2023-04-06,002027.SZ,5.39,5.39,5.17,5.2,179231360.0,1144424118.0
2023-04-07,002027.SZ,5.2,5.37,5.17,5.27,126070768.0,812910546.0
2023-04-10,002027.SZ,5.28,5.35,5.22,5.24,95449944.0,615936615.0
2023-04-11,002027.SZ,5.29,5.68,5.23,5.5,354118708.0,2385418420.0
2023-04-12,002027.SZ,5.5,5.6,5.45,5.56,184207612.0,1247131968.0
2023-04-13,002027.SZ,5.57,5.74,5.52,5.53,196766273.0,1349871021.0
2023-04-14,002027.SZ,5.53,5.55,5.28,5.3,202837811.0,1332282793.0
2023-04-17,002027.SZ,5.29,5.3,5.2,5.22,162500884.0,1037411543.0
2023-04-18,002027.SZ,5.23,5.47,5.14,5.4,219957127.0,1422741200.0
2023-04-19,002027.SZ,5.38,5.63,5.36,5.45,193551439.0,1297362435.0
2023-04-20,002027.SZ,5.46,5.48,5.36,5.47,129804435.0,862859230.0
2023-04-21,002027.SZ,5.58,5.63,5.17,5.19,248537128.0,1610889550.0
2023-04-24,002027.SZ,5.2,5.21,4.87,4.92,294325010.0,1789844459.0
2023-04-25,002027.SZ,4.9,5.16,4.88,5.12,223880852.0,1388547765.0
2023-04-26,002027.SZ,5.08,5.15,5.01,5.09,130639493.0,810145860.0
2023-04-27,002027.SZ,5.11,5.19,5.05,5.09,99723914.0,624065654.0
2023-04-28,002027.SZ,5.08,5.35,5.05,5.27,179511693.0,1149229616.0
2023-05-04,002027.SZ,5.55,5.8,5.54,5.8,482207956.0,3392977166.0
2023-05-05,002027.SZ,5.8,5.97,5.65,5.94,530326993.0,3785184514.0
2023-05-08,002027.SZ,5.9,5.98,5.75,5.9,225028386.0,1612749616.0
2023-05-09,002027.SZ,5.85,5.94,5.76,5.76,129994616.0,923320054.0
2023-05-10,002027.SZ,5.82,5.9,5.7,5.79,134164968.0,950011271.0
2023-05-11,002027.SZ,5.81,5.97,5.73,5.84,126440670.0,907575069.0
2023-05-12,002027.SZ,5.79,5.85,5.7,5.72,133836788.0,939833040.0
2023-05-15,002027.SZ,5.75,5.76,5.53,5.68,158584630.0,1094188600.0
2023-05-16,002027.SZ,5.69,5.7,5.54,5.58,118989356.0,816368882.0
2023-05-17,002027.SZ,5.62,5.75,5.56,5.59,115644927.0,796524075.0
2023-05-18,002027.SZ,5.59,5.62,5.53,5.56,89900621.0,609812037.0
2023-05-19,002027.SZ,5.56,5.57,5.44,5.46,95531478.0,639853213.0
2023-05-22,002027.SZ,5.46,5.49,5.39,5.45,83868831.0,557012664.0
2023-05-23,002027.SZ,5.45,5.49,5.4,5.4,65772546.0,437212328.0
2023-05-24,002027.SZ,5.4,5.42,5.3,5.34,95587406.0,624573938.0
2023-05-25,002027.SZ,5.32,5.34,5.22,5.3,90570802.0,583918309.0
2023-05-26,002027.SZ,5.31,5.33,5.26,5.31,40278939.0,260908860.0
2023-05-29,002027.SZ,5.31,5.33,5.19,5.28,84041185.0,538183227.0
2023-05-30,002027.SZ,5.26,5.39,5.18,5.35,113113460.0,731296330.0
2023-05-31,002027.SZ,5.35,5.41,5.15,5.26,168054611.0,1072879669.0
2023-06-01,002027.SZ,5.23,5.35,5.21,5.28,109903729.0,711534395.0
2023-06-02,002027.SZ,5.31,5.36,5.22,5.31,72447766.0,469718526.0
2023-06-05,002027.SZ,5.31,5.43,5.27,5.36,77832576.0,509498825.0
2023-06-06,002027.SZ,5.36,5.51,5.31,5.39,139743708.0,927313743.0
2023-06-07,002027.SZ,5.39,5.44,5.31,5.34,71880589.0,470668425.0
2023-06-08,002027.SZ,5.3,5.53,5.19,5.46,138111579.0,907334148.0
2023-06-09,002027.SZ,5.47,5.58,5.42,5.54,123653546.0,833997627.0
2023-06-12,002027.SZ,5.56,5.58,5.49,5.54,105449733.0,713014104.0
2023-06-13,002027.SZ,5.54,5.72,5.51,5.67,103279352.0,712955895.0
2023-06-14,002027.SZ,5.81,5.95,5.76,5.9,233430816.0,1676646774.0
2023-06-15,002027.SZ,5.92,6.12,5.88,6.03,214077201.0,1571526272.0
2023-06-16,002027.SZ,6.02,6.25,6.0,6.13,213159029.0,1603245404.0
2023-06-19,002027.SZ,6.22,6.24,5.95,6.09,186721099.0,1378946202.0
2023-06-20,002027.SZ,6.09,6.09,5.98,6.05,108891487.0,801359335.0
2023-06-21,002027.SZ,5.99,6.08,5.8,5.81,104523713.0,753476028.0
2023-06-26,002027.SZ,5.77,5.82,5.59,5.63,116443715.0,804469047.0
2023-06-27,002027.SZ,5.68,5.72,5.58,5.67,85152014.0,588886297.0
2023-06-28,002027.SZ,5.67,5.74,5.53,5.68,105847329.0,728303937.0
2023-06-29,002027.SZ,5.72,5.83,5.54,5.6,101353637.0,694688403.0
2023-06-30,002027.SZ,5.58,5.66,5.51,5.58,115484226.0,787691773.0
2023-07-03,002027.SZ,5.66,5.66,5.47,5.53,128416748.0,832842504.0
2023-07-04,002027.SZ,5.56,5.71,5.53,5.67,105679850.0,698649798.0
2023-07-05,002027.SZ,5.67,5.76,5.59,5.64,103353169.0,686044476.0
2023-07-06,002027.SZ,5.64,5.93,5.62,5.79,193994029.0,1318857299.0
2023-07-07,002027.SZ,5.77,5.88,5.73,5.78,137844529.0,938185640.0
2023-07-10,002027.SZ,5.85,6.04,5.84,6.0,131248714.0,918296854.0
2023-07-11,002027.SZ,5.99,6.02,5.86,6.01,106415199.0,742330861.0
2023-07-12,002027.SZ,6.13,6.21,6.01,6.05,139715989.0,997407501.0
2023-07-13,002027.SZ,6.09,6.32,6.06,6.28,155806267.0,1135286320.0
2023-07-14,002027.SZ,6.28,6.31,6.2,6.26,76558605.0,560679686.0
2023-07-17,002027.SZ,6.24,6.24,6.13,6.15,68877026.0,497492064.0
2023-07-18,002027.SZ,6.18,6.22,6.07,6.15,61588440.0,444084436.0
2023-07-19,002027.SZ,6.14,6.27,6.12,6.24,75554114.0,548782406.0
2023-07-20,002027.SZ,6.24,6.31,6.17,6.19,78437172.0,573733429.0
2023-07-21,002027.SZ,6.18,6.25,6.11,6.15,93141290.0,672229123.0
2023-07-24,002027.SZ,6.12,6.17,6.03,6.06,63035632.0,449614196.0
2023-07-25,002027.SZ,6.19,6.37,6.12,6.35,141034602.0,1036817681.0
2023-07-26,002027.SZ,6.33,6.33,6.17,6.21,79685220.0,579455187.0
2023-07-27,002027.SZ,6.22,6.28,6.17,6.21,47879356.0,349070352.0
2023-07-28,002027.SZ,6.17,6.25,6.14,6.22,65959225.0,479164780.0
2023-07-31,002027.SZ,6.3,6.45,6.25,6.36,155198307.0,1156318532.0
2023-08-01,002027.SZ,6.41,6.5,6.32,6.43,106524740.0,801003484.0
2023-08-02,002027.SZ,6.4,6.5,6.34,6.39,88861994.0,665389774.0
2023-08-03,002027.SZ,6.36,6.46,6.34,6.44,63888591.0,479336922.0
2023-08-04,002027.SZ,6.48,6.53,6.38,6.45,76199648.0,574905809.0
2023-08-07,002027.SZ,6.45,6.49,6.34,6.44,100374790.0,752300017.0
2023-08-08,002027.SZ,6.42,6.49,6.36,6.42,77840806.0,586276795.0
2023-08-09,002027.SZ,6.4,6.42,6.31,6.34,55554514.0,413268651.0
2023-08-10,002027.SZ,6.34,6.4,6.2,6.34,100903951.0,744848729.0
2023-08-11,002027.SZ,6.36,6.39,6.15,6.21,105127503.0,767077942.0
2023-08-14,002027.SZ,6.17,6.32,6.05,6.3,125408969.0,914040923.0
2023-08-15,002027.SZ,6.33,6.34,6.14,6.23,63010769.0,459054222.0
2023-08-16,002027.SZ,6.22,6.26,6.18,6.21,69604242.0,506936221.0
2023-08-17,002027.SZ,6.21,6.27,6.09,6.24,74964982.0,544006733.0
2023-08-18,002027.SZ,6.24,6.27,6.09,6.11,75705337.0,546116773.0
2023-08-21,002027.SZ,6.11,6.28,6.04,6.15,88972564.0,645010483.0
2023-08-22,002027.SZ,6.2,6.23,6.12,6.21,74736890.0,540985131.0
2023-08-23,002027.SZ,6.19,6.25,6.1,6.11,103154038.0,743501693.0
2023-08-24,002027.SZ,6.15,6.39,6.12,6.32,108079090.0,797149754.0
2023-08-25,002027.SZ,6.3,6.4,6.27,6.3,113137019.0,838061960.0
2023-08-28,002027.SZ,6.53,6.58,6.32,6.35,110044480.0,825527681.0
2023-08-29,002027.SZ,6.34,6.46,6.29,6.39,104297305.0,778925749.0
2023-08-30,002027.SZ,6.44,6.65,6.41,6.63,162327908.0,1248608233.0
2023-08-31,002027.SZ,6.6,6.69,6.55,6.58,85652266.0,662293626.0
2023-09-01,002027.SZ,6.56,6.64,6.45,6.47,68077482.0,520405316.0
2023-09-04,002027.SZ,6.53,6.6,6.52,6.57,84888478.0,651873624.0
2023-09-05,002027.SZ,6.56,6.65,6.49,6.52,80584492.0,616879919.0
2023-09-06,002027.SZ,6.49,6.52,6.43,6.47,59054970.0,447047927.0
2023-09-07,002027.SZ,6.49,6.5,6.4,6.43,45657868.0,344560784.0
2023-09-08,002027.SZ,6.4,6.44,6.3,6.32,45982823.0,341269890.0
2023-09-11,002027.SZ,6.4,6.43,6.33,6.39,55930456.0,417915640.0
2023-09-12,002027.SZ,6.39,6.4,6.28,6.31,51008947.0,378276420.0
2023-09-13,002027.SZ,6.29,6.4,6.29,6.31,52006326.0,385166796.0
2023-09-14,002027.SZ,6.31,6.33,6.23,6.28,75350619.0,552665711.0
2023-09-15,002027.SZ,6.28,6.31,6.18,6.2,83250544.0,607817842.0
2023-09-18,002027.SZ,6.18,6.35,6.17,6.35,87217796.0,642719150.0
2023-09-19,002027.SZ,6.34,6.34,6.11,6.18,89426013.0,647675772.0
2023-09-20,002027.SZ,6.2,6.25,6.17,6.19,65984274.0,479466431.0
2023-09-21,002027.SZ,6.17,6.19,6.08,6.11,58830886.0,421334725.0
2023-09-22,002027.SZ,6.11,6.28,6.08,6.27,65525043.0,474729568.0
2023-09-25,002027.SZ,6.27,6.28,6.18,6.21,52992016.0,386415280.0
2023-09-26,002027.SZ,6.23,6.27,6.19,6.25,46718645.0,340888627.0
2023-09-27,002027.SZ,6.23,6.34,6.2,6.28,60634733.0,446176321.0
2023-09-28,002027.SZ,6.29,6.31,6.06,6.11,91899787.0,658672892.0
2023-10-09,002027.SZ,6.11,6.26,6.05,6.23,72934827.0,528366779.0
2023-10-10,002027.SZ,6.23,6.26,6.05,6.2,69821128.0,504243826.0
2023-10-11,002027.SZ,6.23,6.39,6.2,6.21,89236438.0,656069604.0
2023-10-12,002027.SZ,6.26,6.34,6.22,6.25,48953678.0,358753024.0
2023-10-13,002027.SZ,6.23,6.23,6.11,6.17,55271386.0,398860167.0
2023-10-16,002027.SZ,6.17,6.19,6.05,6.05,58831840.0,419274224.0
2023-10-17,002027.SZ,6.05,6.11,5.88,6.07,81658044.0,576825052.0
2023-10-18,002027.SZ,6.12,6.13,5.97,6.0,102081165.0,720497954.0
2023-10-19,002027.SZ,5.98,5.99,5.85,5.86,73062898.0,505097140.0
2023-10-20,002027.SZ,5.84,5.87,5.73,5.76,125706401.0,849989812.0
2023-10-23,002027.SZ,5.77,5.84,5.71,5.79,55956859.0,378841073.0
2023-10-24,002027.SZ,5.81,5.84,5.7,5.78,86975752.0,589308335.0
2023-10-25,002027.SZ,5.89,6.04,5.61,5.75,193866588.0,1302324503.0
2023-10-26,002027.SZ,5.7,5.79,5.67,5.78,87260004.0,586549196.0
2023-10-27,002027.SZ,5.77,5.98,5.74,5.95,91492226.0,633054503.0
2023-10-30,002027.SZ,5.92,5.99,5.82,5.94,111612192.0,771808322.0
2023-10-31,002027.SZ,5.94,5.98,5.89,5.91,85174783.0,590844815.0
2023-11-01,002027.SZ,5.92,5.99,5.88,5.93,79956050.0,556284224.0
2023-11-02,002027.SZ,5.93,5.99,5.87,5.91,57316611.0,397680790.0
2023-11-03,002027.SZ,5.89,5.95,5.84,5.87,77389980.0,535317632.0
2023-11-06,002027.SZ,5.92,5.98,5.82,5.96,94125864.0,651716619.0
2023-11-07,002027.SZ,5.93,5.98,5.92,5.93,59830213.0,416341058.0
2023-11-08,002027.SZ,5.93,6.02,5.89,5.95,85878223.0,598975688.0
2023-11-09,002027.SZ,5.94,5.94,5.85,5.88,77181429.0,531895159.0
2023-11-10,002027.SZ,5.83,5.91,5.82,5.89,54728256.0,376187516.0
2023-11-13,002027.SZ,5.89,5.91,5.77,5.78,57749106.0,393721469.0
2023-11-14,002027.SZ,5.79,5.85,5.72,5.73,79974509.0,541758092.0
2023-11-15,002027.SZ,5.8,5.87,5.7,5.75,97298305.0,654177395.0
2023-11-16,002027.SZ,5.72,5.76,5.7,5.73,88838155.0,596364394.0
2023-11-17,002027.SZ,5.7,5.75,5.65,5.67,75863307.0,504714300.0
2023-11-20,002027.SZ,5.67,5.76,5.58,5.72,109542658.0,728374212.0
2023-11-21,002027.SZ,5.72,5.78,5.7,5.71,119389823.0,802507196.0
2023-11-22,002027.SZ,5.7,5.81,5.68,5.76,84621481.0,570343346.0
2023-11-23,002027.SZ,5.76,5.76,5.67,5.76,64737365.0,433644057.0
2023-11-24,002027.SZ,5.76,5.82,5.7,5.72,54449725.0,366591100.0
2023-11-27,002027.SZ,5.7,5.72,5.61,5.68,88906721.0,588959959.0
2023-11-28,002027.SZ,5.67,5.73,5.64,5.7,63694299.0,424233737.0
2023-11-29,002027.SZ,5.7,5.71,5.59,5.65,86070116.0,569106260.0
2023-11-30,002027.SZ,5.63,5.64,5.57,5.58,90097303.0,590840090.0
2023-12-01,002027.SZ,5.57,5.58,5.27,5.38,215528959.0,1354900054.0
2023-12-04,002027.SZ,5.35,5.37,5.19,5.29,157716533.0,977797224.0
2023-12-05,002027.SZ,5.29,5.34,5.17,5.17,115229298.0,706464935.0
2023-12-06,002027.SZ,5.21,5.22,5.1,5.14,144197918.0,868593671.0
2023-12-07,002027.SZ,5.15,5.28,5.11,5.24,106013723.0,647968966.0
2023-12-08,002027.SZ,5.23,5.26,5.16,5.18,96403923.0,587103634.0
2023-12-11,002027.SZ,5.18,5.29,5.1,5.25,132702736.0,810345444.0
2023-12-12,002027.SZ,5.33,5.44,5.3,5.41,187079558.0,1179246000.0
2023-12-13,002027.SZ,5.38,5.42,5.29,5.35,100797170.0,632303263.0
2023-12-14,002027.SZ,5.35,5.42,5.29,5.32,127721994.0,800699062.0
2023-12-15,002027.SZ,5.31,5.41,5.26,5.31,87242170.0,544764888.0
2023-12-18,002027.SZ,5.28,5.31,5.21,5.23,68609885.0,422081964.0
2023-12-19,002027.SZ,5.21,5.29,5.17,5.28,58077404.0,357000897.0
2023-12-20,002027.SZ,5.29,5.3,5.18,5.18,62058149.0,381668607.0
2023-12-21,002027.SZ,5.17,5.28,5.13,5.24,93534636.0,572050645.0
2023-12-22,002027.SZ,5.21,5.23,5.04,5.07,149856236.0,896065169.0
2023-12-25,002027.SZ,5.11,5.17,5.06,5.16,82769915.0,496745581.0
2023-12-26,002027.SZ,5.19,5.24,5.15,5.22,68959440.0,419844913.0
2023-12-27,002027.SZ,5.23,5.24,5.08,5.12,101180223.0,607920225.0
2023-12-28,002027.SZ,5.13,5.35,5.1,5.34,101691332.0,626349445.0
2023-12-29,002027.SZ,5.34,5.41,5.33,5.4,86661112.0,546453525.0
2024-01-02,002027.SZ,5.4,5.42,5.23,5.24,96963122.0,601953153.0
2024-01-03,002027.SZ,5.24,5.33,5.22,5.31,58088308.0,359979910.0
2024-01-04,002027.SZ,5.31,5.37,5.24,5.26,63014525.0,390096687.0
2024-01-05,002027.SZ,5.24,5.34,5.19,5.29,101366511.0,627911359.0
2024-01-08,002027.SZ,5.25,5.41,5.23,5.37,124987859.0,785266964.0
2024-01-09,002027.SZ,5.37,5.41,5.27,5.29,92871083.0,576786404.0
2024-01-10,002027.SZ,5.29,5.3,5.22,5.22,67825080.0,415733355.0
2024-01-11,002027.SZ,5.21,5.28,5.19,5.24,57711909.0,353685746.0
2024-01-12,002027.SZ,5.22,5.23,5.1,5.11,113551966.0,682276769.0
2024-01-15,002027.SZ,5.1,5.15,5.06,5.08,69076487.0,412448618.0
2024-01-16,002027.SZ,5.09,5.1,4.92,4.99,130560608.0,761139283.0
2024-01-17,002027.SZ,4.99,5.01,4.87,4.87,69871485.0,405023732.0
2024-01-18,002027.SZ,4.85,4.98,4.81,4.96,116293884.0,666923210.0
2024-01-19,002027.SZ,4.94,4.99,4.87,4.93,106953000.0,618183377.0
2024-01-22,002027.SZ,4.94,4.95,4.72,4.76,102815915.0,584624462.0
2024-01-23,002027.SZ,4.76,4.89,4.73,4.87,86207865.0,485049303.0
2024-01-24,002027.SZ,4.88,5.07,4.87,5.06,107174300.0,623868142.0
2024-01-25,002027.SZ,5.06,5.08,4.98,5.06,97665615.0,576618977.0
2024-01-26,002027.SZ,5.03,5.05,4.88,4.99,153486105.0,892135272.0
2024-01-29,002027.SZ,4.98,5.03,4.94,4.94,82545717.0,481429180.0
2024-01-30,002027.SZ,4.99,5.0,4.86,4.86,97026900.0,559185483.0
2024-01-31,002027.SZ,4.86,4.94,4.82,4.82,85303189.0,487333687.0
2024-02-01,002027.SZ,4.82,4.93,4.74,4.85,107656235.0,609370509.0
2024-02-02,002027.SZ,4.85,4.93,4.71,4.84,100032729.0,568071052.0
2024-02-05,002027.SZ,4.82,4.92,4.74,4.84,137822392.0,779395576.0
2024-02-06,002027.SZ,4.82,5.12,4.8,5.07,165805058.0,976381864.0
2024-02-07,002027.SZ,5.1,5.16,5.0,5.11,150930375.0,897115770.0
2024-02-08,002027.SZ,5.11,5.17,5.07,5.13,125464005.0,752948939.0
2024-02-19,002027.SZ,5.23,5.35,5.18,5.32,129032718.0,798381859.0
2024-02-20,002027.SZ,5.29,5.35,5.26,5.32,92348021.0,573541985.0
2024-02-21,002027.SZ,5.29,5.44,5.23,5.35,135752727.0,849441680.0
2024-02-22,002027.SZ,5.31,5.39,5.27,5.38,119086447.0,744820006.0
2024-02-23,002027.SZ,5.36,5.54,5.32,5.51,144535797.0,926738080.0
2024-02-26,002027.SZ,5.51,5.51,5.39,5.4,98741607.0,626706936.0
2024-02-27,002027.SZ,5.38,5.44,5.34,5.42,111519876.0,704437687.0
2024-02-28,002027.SZ,5.43,5.45,5.28,5.29,100741780.0,632854924.0
2024-02-29,002027.SZ,5.27,5.4,5.25,5.38,91466583.0,572947516.0
2024-03-01,002027.SZ,5.36,5.4,5.31,5.39,111720979.0,700098138.0
2024-03-04,002027.SZ,5.39,5.47,5.36,5.44,100898610.0,639491838.0
2024-03-05,002027.SZ,5.41,5.46,5.34,5.42,105622639.0,666466194.0
2024-03-06,002027.SZ,5.4,5.45,5.35,5.35,68632116.0,432955182.0
2024-03-07,002027.SZ,5.34,5.37,5.29,5.29,64379792.0,401983683.0
2024-03-08,002027.SZ,5.29,5.35,5.24,5.3,62331136.0,385534088.0
2024-03-11,002027.SZ,5.28,5.35,5.22,5.35,97187827.0,602401499.0
2024-03-12,002027.SZ,5.35,5.62,5.32,5.54,158931241.0,1024517975.0
2024-03-13,002027.SZ,5.52,5.58,5.44,5.46,90176682.0,579424262.0
2024-03-14,002027.SZ,5.51,5.53,5.42,5.46,106276750.0,680645107.0
2024-03-15,002027.SZ,5.47,5.49,5.39,5.47,67578789.0,429971543.0
2024-03-18,002027.SZ,5.48,5.66,5.45,5.65,137013688.0,894167324.0
2024-03-19,002027.SZ,5.64,5.69,5.42,5.44,145113844.0,938178747.0
2024-03-20,002027.SZ,5.42,5.7,5.41,5.68,204181088.0,1340615990.0
2024-03-21,002027.SZ,5.71,5.76,5.66,5.74,124822108.0,835104331.0
2024-03-22,002027.SZ,5.71,5.76,5.66,5.75,133726744.0,894645475.0
2024-03-25,002027.SZ,5.76,5.77,5.65,5.66,97931488.0,655893722.0
2024-03-26,002027.SZ,5.66,5.71,5.58,5.64,94280111.0,621925388.0
2024-03-27,002027.SZ,5.64,5.67,5.51,5.51,102540428.0,670015796.0
2024-03-28,002027.SZ,5.51,5.61,5.48,5.55,63143879.0,410970689.0
2024-03-29,002027.SZ,5.53,5.58,5.49,5.57,44558774.0,288334165.0
2024-04-01,002027.SZ,5.58,5.77,5.58,5.73,92562026.0,619542851.0
2024-04-02,002027.SZ,5.74,5.81,5.7,5.73,74707922.0,502369339.0
2024-04-03,002027.SZ,5.73,5.89,5.72,5.84,130132833.0,885441825.0
2024-04-08,002027.SZ,5.83,5.97,5.77,5.91,168556817.0,1165953126.0
2024-04-09,002027.SZ,5.89,5.98,5.82,5.96,121269039.0,839586665.0
2024-04-10,002027.SZ,5.98,6.05,5.91,5.97,124477319.0,870648807.0
2024-04-11,002027.SZ,5.95,6.08,5.93,6.01,104626330.0,737077536.0
2024-04-12,002027.SZ,5.98,6.03,5.88,5.91,97383209.0,677616806.0
2024-04-15,002027.SZ,5.91,6.07,5.89,5.99,108913591.0,765338050.0
2024-04-16,002027.SZ,6.01,6.07,5.92,5.96,135904482.0,953290189.0
2024-04-17,002027.SZ,5.95,6.04,5.9,6.03,82722299.0,578760301.0
2024-04-18,002027.SZ,6.0,6.05,5.94,5.98,78286938.0,549666372.0
2024-04-19,002027.SZ,5.96,5.99,5.88,5.93,66260750.0,459935298.0
2024-04-22,002027.SZ,5.9,5.99,5.89,5.96,68445114.0,476512586.0
2024-04-23,002027.SZ,5.96,6.06,5.88,5.89,82740481.0,574444907.0
2024-04-24,002027.SZ,5.9,6.0,5.85,5.98,79263134.0,549894620.0
2024-04-25,002027.SZ,5.99,6.06,5.92,5.97,53821843.0,377619721.0
2024-04-26,002027.SZ,5.94,5.99,5.77,5.85,142292887.0,975815178.0
2024-04-29,002027.SZ,5.87,6.02,5.81,5.99,157543313.0,1094115656.0
2024-04-30,002027.SZ,5.82,5.86,5.52,5.55,478184585.0,3150123475.0
2024-05-06,002027.SZ,5.6,5.72,5.54,5.65,286755258.0,1895809443.0
2024-05-07,002027.SZ,5.65,5.73,5.61,5.66,122269412.0,810344486.0
2024-05-08,002027.SZ,5.63,5.65,5.52,5.55,147573077.0,962503508.0
2024-05-09,002027.SZ,5.54,5.67,5.54,5.64,99631432.0,655304365.0
2024-05-10,002027.SZ,5.65,5.73,5.63,5.65,84140008.0,558065428.0
2024-05-13,002027.SZ,5.63,5.67,5.58,5.66,84859084.0,560309780.0
2024-05-14,002027.SZ,5.67,5.89,5.66,5.83,181592727.0,1233216673.0
2024-05-15,002027.SZ,5.81,5.93,5.79,5.89,115697033.0,797459086.0
2024-05-16,002027.SZ,5.87,5.9,5.72,5.76,105424176.0,714249031.0
2024-05-17,002027.SZ,5.76,5.89,5.76,5.81,110931313.0,756986521.0
2024-05-20,002027.SZ,5.79,5.86,5.77,5.84,100141682.0,682291043.0
2024-05-21,002027.SZ,5.82,5.86,5.74,5.77,77351065.0,525154678.0
2024-05-22,002027.SZ,5.77,5.8,5.74,5.75,64651735.0,436633445.0
2024-05-23,002027.SZ,5.75,5.76,5.64,5.69,97170294.0,647034158.0
2024-05-24,002027.SZ,5.68,5.7,5.58,5.59,73914053.0,488019047.0
2024-05-27,002027.SZ,5.6,5.64,5.55,5.62,58802948.0,384817273.0
2024-05-28,002027.SZ,5.6,5.64,5.51,5.53,77552321.0,504601806.0
2024-05-29,002027.SZ,5.51,5.56,5.49,5.52,56550655.0,365578520.0
2024-05-30,002027.SZ,5.51,5.55,5.41,5.43,107555087.0,688376069.0
2024-05-31,002027.SZ,5.41,5.47,5.41,5.41,77320618.0,492080667.0
2024-06-03,002027.SZ,5.41,5.52,5.38,5.45,115530505.0,737973631.0
2024-06-04,002027.SZ,5.46,5.61,5.44,5.6,89105548.0,579990705.0
2024-06-05,002027.SZ,5.61,5.7,5.55,5.58,91652651.0,603233286.0
2024-06-06,002027.SZ,5.58,5.64,5.56,5.58,69067337.0,452786015.0
2024-06-07,002027.SZ,5.58,5.6,5.46,5.56,73116999.0,473474921.0
2024-06-11,002027.SZ,5.52,5.54,5.42,5.49,103836770.0,664741929.0
2024-06-12,002027.SZ,5.48,5.54,5.47,5.48,87358999.0,562896931.0
2024-06-13,002027.SZ,5.54,5.55,5.46,5.48,121791237.0,744574077.0
2024-06-14,002027.SZ,5.49,5.58,5.39,5.48,123746940.0,752142763.0
2024-06-17,002027.SZ,5.46,5.53,5.44,5.53,55705533.0,339677481.0
2024-06-18,002027.SZ,5.53,5.57,5.42,5.45,78102712.0,474130808.0
2024-06-19,002027.SZ,5.46,5.47,5.4,5.44,72564419.0,437947308.0
2024-06-20,002027.SZ,5.43,5.44,5.34,5.4,108852275.0,652296100.0
2024-06-21,002027.SZ,5.38,5.51,5.37,5.48,112569720.0,681003035.0
2024-06-24,002027.SZ,5.46,5.51,5.4,5.42,81052855.0,491245363.0
2024-06-25,002027.SZ,5.43,5.45,5.28,5.35,112849165.0,672245279.0
2024-06-26,002027.SZ,5.35,5.43,5.31,5.41,87246613.0,520990536.0
2024-06-27,002027.SZ,5.38,5.5,5.37,5.41,72685646.0,439343056.0
2024-06-28,002027.SZ,5.39,5.52,5.38,5.46,71876237.0,436602830.0
2024-07-01,002027.SZ,5.44,5.49,5.36,5.48,62764360.0,378586159.0
2024-07-02,002027.SZ,5.46,5.62,5.46,5.58,91668960.0,565768064.0
2024-07-03,002027.SZ,5.58,5.67,5.55,5.66,69787321.0,435978934.0
2024-07-04,002027.SZ,5.63,5.73,5.61,5.64,76693634.0,482130962.0
2024-07-05,002027.SZ,5.62,5.65,5.58,5.6,58241905.0,363079265.0
2024-07-08,002027.SZ,5.59,5.64,5.5,5.53,60430198.0,373525270.0
2024-07-09,002027.SZ,5.53,5.57,5.42,5.47,77697114.0,472488326.0
2024-07-10,002027.SZ,5.46,5.49,5.4,5.42,80660528.0,487602251.0
2024-07-11,002027.SZ,5.46,5.48,5.04,5.17,355669885.0,2051792266.0
2024-07-12,002027.SZ,5.27,5.48,5.23,5.46,274255218.0,1644405681.0
2024-07-15,002027.SZ,5.41,5.46,5.35,5.37,95750478.0,573752380.0
2024-07-16,002027.SZ,5.37,5.39,5.3,5.35,76223009.0,453001053.0
2024-07-17,002027.SZ,5.35,5.43,5.31,5.4,82374622.0,491289156.0
2024-07-18,002027.SZ,5.39,5.49,5.37,5.44,89200597.0,537734731.0
2024-07-19,002027.SZ,5.44,5.54,5.43,5.5,93884111.0,572122474.0
2024-07-22,002027.SZ,5.49,5.52,5.39,5.41,88230695.0,531768176.0
2024-07-23,002027.SZ,5.41,5.43,5.19,5.19,130402795.0,763187391.0
2024-07-24,002027.SZ,5.19,5.2,5.1,5.1,74480820.0,424634577.0
2024-07-25,002027.SZ,5.09,5.19,5.06,5.18,72444192.0,413485799.0
2024-07-26,002027.SZ,5.18,5.21,5.13,5.19,54130386.0,311005545.0
2024-07-29,002027.SZ,5.19,5.19,5.07,5.16,59096685.0,336881500.0
2024-07-30,002027.SZ,5.15,5.17,5.0,5.07,92216821.0,517914525.0
2024-07-31,002027.SZ,5.05,5.24,5.04,5.22,95829659.0,551618953.0
2024-08-01,002027.SZ,5.22,5.27,5.13,5.14,58571476.0,336396918.0
2024-08-02,002027.SZ,5.1,5.16,5.1,5.12,46388022.0,263987726.0
2024-08-05,002027.SZ,5.1,5.33,5.09,5.24,141611955.0,826889324.0
2024-08-06,002027.SZ,5.26,5.3,5.13,5.22,68231746.0,393952834.0
2024-08-07,002027.SZ,5.2,5.28,5.16,5.18,45938089.0,265420860.0
2024-08-08,002027.SZ,5.19,5.39,5.17,5.36,119429317.0,704086662.0
2024-08-09,002027.SZ,5.38,5.43,5.18,5.2,117221169.0,683701971.0
2024-08-12,002027.SZ,5.24,5.34,5.17,5.28,85962597.0,504261427.0
2024-08-13,002027.SZ,5.29,5.33,5.27,5.32,52858816.0,311144123.0
2024-08-14,002027.SZ,5.32,5.35,5.23,5.32,71898237.0,422585777.0
2024-08-15,002027.SZ,5.3,5.37,5.24,5.26,99792405.0,585684686.0
2024-08-16,002027.SZ,5.26,5.27,5.19,5.21,64733672.0,375251525.0
2024-08-19,002027.SZ,5.22,5.28,5.13,5.14,81172299.0,468044541.0
2024-08-20,002027.SZ,5.13,5.15,5.04,5.07,102339924.0,577547926.0
2024-08-21,002027.SZ,5.06,5.1,5.04,5.05,58903072.0,331157546.0
2024-08-22,002027.SZ,5.07,5.1,5.0,5.01,65142589.0,363426688.0
2024-08-23,002027.SZ,4.99,5.04,4.97,5.01,49260873.0,274151494.0
2024-08-26,002027.SZ,5.01,5.03,4.93,4.99,68630382.0,379207586.0
2024-08-27,002027.SZ,4.97,5.0,4.93,4.97,48501273.0,267446421.0
2024-08-28,002027.SZ,4.96,5.0,4.92,4.98,64934975.0,357995766.0
2024-08-29,002027.SZ,4.98,4.99,4.87,4.98,101297385.0,554252813.0
2024-08-30,002027.SZ,4.95,5.21,4.95,5.16,178788692.0,1015706902.0
2024-09-02,002027.SZ,5.13,5.16,5.01,5.01,69280731.0,390189251.0
2024-09-03,002027.SZ,5.01,5.12,5.0,5.1,83905820.0,474311085.0
2024-09-04,002027.SZ,5.08,5.19,5.06,5.11,83931269.0,478856223.0
2024-09-05,002027.SZ,5.1,5.19,5.09,5.18,65188756.0,374199121.0
2024-09-06,002027.SZ,5.18,5.22,5.14,5.17,49326312.0,283551429.0
2024-09-09,002027.SZ,5.14,5.16,4.93,4.95,104068676.0,579056314.0
2024-09-10,002027.SZ,4.96,5.06,4.91,5.03,69570932.0,386146543.0
2024-09-11,002027.SZ,5.01,5.12,5.01,5.06,86704941.0,488890868.0
2024-09-12,002027.SZ,5.04,5.09,4.82,4.85,163944223.0,890751829.0
2024-09-13,002027.SZ,4.83,4.89,4.73,4.75,108859216.0,579226934.0
2024-09-18,002027.SZ,4.76,4.83,4.73,4.82,64250632.0,341809551.0
2024-09-19,002027.SZ,4.82,4.9,4.7,4.88,155352291.0,831611752.0
2024-09-20,002027.SZ,4.84,5.01,4.82,5.0,134079959.0,737081330.0
2024-09-23,002027.SZ,4.99,5.13,4.97,5.04,121208736.0,681086292.0
2024-09-24,002027.SZ,5.09,5.3,5.05,5.29,173749189.0,1001296016.0
2024-09-25,002027.SZ,5.4,5.45,5.26,5.28,154555375.0,918504093.0
2024-09-26,002027.SZ,5.31,5.74,5.28,5.74,240699773.0,1458514930.0
2024-09-27,002027.SZ,5.82,6.1,5.82,5.97,303805351.0,1975845197.0
2024-09-30,002027.SZ,6.18,6.49,6.16,6.47,318060293.0,2208328673.0
2024-10-08,002027.SZ,7.13,7.13,6.42,6.82,449487545.0,3369698136.0
2024-10-09,002027.SZ,6.72,6.72,6.25,6.37,311597897.0,2198198242.0
2024-10-10,002027.SZ,6.36,6.61,6.26,6.5,205064225.0,1450621382.0
2024-10-11,002027.SZ,6.5,6.55,6.18,6.28,142271878.0,984719117.0
2024-10-14,002027.SZ,6.31,6.41,6.18,6.38,167139937.0,1152577282.0
2024-10-15,002027.SZ,6.37,6.49,6.32,6.32,176472892.0,1234138837.0
2024-10-16,002027.SZ,6.24,6.58,6.21,6.44,213656210.0,1510373266.0
2024-10-17,002027.SZ,6.46,6.57,6.38,6.38,119899123.0,847436235.0
2024-10-18,002027.SZ,6.38,6.51,6.27,6.4,180656543.0,1255643706.0
2024-10-21,002027.SZ,6.41,6.43,6.18,6.41,193448092.0,1336613216.0
2024-10-22,002027.SZ,6.37,6.86,6.35,6.65,342203824.0,2489553858.0
2024-10-23,002027.SZ,6.66,6.82,6.65,6.72,224388538.0,1651165967.0
2024-10-24,002027.SZ,6.66,6.84,6.61,6.82,147867549.0,1095191322.0
2024-10-25,002027.SZ,6.78,6.92,6.63,6.78,162511232.0,1197393780.0
2024-10-28,002027.SZ,6.74,6.98,6.69,6.87,167241878.0,1253135706.0
2024-10-29,002027.SZ,6.89,6.89,6.65,6.72,146973636.0,1082736106.0
2024-10-30,002027.SZ,6.65,6.8,6.6,6.68,100631214.0,734336533.0
2024-10-31,002027.SZ,6.65,6.69,6.55,6.59,103675037.0,746440976.0
2024-11-01,002027.SZ,6.58,6.73,6.55,6.63,114111094.0,825137404.0
2024-11-04,002027.SZ,6.66,6.69,6.56,6.65,83069223.0,600185509.0
2024-11-05,002027.SZ,6.65,6.94,6.59,6.86,132529557.0,983110455.0
2024-11-06,002027.SZ,6.84,7.01,6.81,6.89,110963306.0,834066609.0
2024-11-07,002027.SZ,6.85,7.01,6.81,7.01,118205061.0,894136956.0
2024-11-08,002027.SZ,7.07,7.11,6.79,6.86,121437356.0,920226390.0
2024-11-11,002027.SZ,6.76,6.8,6.61,6.78,129225451.0,947470373.0
2024-11-12,002027.SZ,6.77,6.91,6.59,6.62,129655463.0,951869338.0
2024-11-13,002027.SZ,6.59,6.8,6.58,6.76,101408556.0,743947689.0
2024-11-14,002027.SZ,6.73,6.95,6.68,6.68,123196381.0,915133187.0
2024-11-15,002027.SZ,6.66,6.86,6.63,6.64,95479555.0,703552538.0
2024-11-18,002027.SZ,6.66,6.69,6.47,6.55,111596673.0,800047832.0
2024-11-19,002027.SZ,6.52,6.61,6.47,6.58,66081274.0,472832498.0
2024-11-20,002027.SZ,6.58,6.65,6.49,6.58,80158336.0,574707769.0
2024-11-21,002027.SZ,6.56,6.62,6.53,6.59,57719632.0,414304274.0
2024-11-22,002027.SZ,6.59,6.63,6.41,6.41,76093381.0,542103814.0
2024-11-25,002027.SZ,6.39,6.44,6.28,6.36,88596599.0,614788466.0
2024-11-26,002027.SZ,6.32,6.44,6.28,6.29,69274772.0,480139784.0
2024-11-27,002027.SZ,6.25,6.4,6.2,6.38,85652092.0,589880021.0
2024-11-28,002027.SZ,6.41,6.41,6.23,6.25,88644676.0,608444297.0
2024-11-29,002027.SZ,6.25,6.41,6.23,6.32,95830935.0,661715327.0
2024-12-02,002027.SZ,6.34,6.44,6.28,6.39,99892126.0,692609600.0
2024-12-03,002027.SZ,6.39,6.52,6.31,6.43,116967183.0,820177020.0
2024-12-04,002027.SZ,6.39,6.47,6.35,6.41,75732274.0,529475030.0
2024-12-05,002027.SZ,6.39,6.54,6.38,6.49,103165911.0,730796126.0
2024-12-06,002027.SZ,6.49,6.51,6.39,6.44,110533680.0,778925752.0
2024-12-09,002027.SZ,6.45,6.46,6.23,6.3,196608075.0,1352541815.0
2024-12-10,002027.SZ,6.46,6.69,6.43,6.46,213939000.0,1527890674.0
2024-12-11,002027.SZ,6.44,6.51,6.35,6.4,121830756.0,853630304.0
2024-12-12,002027.SZ,6.42,6.45,6.32,6.45,153300163.0,1068404410.0
2024-12-13,002027.SZ,6.39,6.49,6.35,6.36,165867368.0,1162915045.0
2024-12-16,002027.SZ,6.37,6.48,6.3,6.32,142580241.0,992499617.0
2024-12-17,002027.SZ,6.32,6.41,6.29,6.32,103904922.0,719617388.0
2024-12-18,002027.SZ,6.33,6.47,6.31,6.36,105243039.0,734660798.0
2024-12-19,002027.SZ,6.34,6.35,6.25,6.34,85547782.0,588023762.0
2024-12-20,002027.SZ,6.34,6.42,6.3,6.34,75624835.0,524631737.0
2024-12-23,002027.SZ,6.34,6.38,6.3,6.3,93667758.0,649299733.0
2024-12-24,002027.SZ,6.28,6.53,6.26,6.53,179703430.0,1265654801.0
2024-12-25,002027.SZ,6.52,6.58,6.41,6.44,75465823.0,532477989.0
2024-12-26,002027.SZ,6.42,6.52,6.41,6.47,65721520.0,463499550.0
2024-12-27,002027.SZ,6.47,6.49,6.27,6.29,135566631.0,940260020.0
2024-12-30,002027.SZ,6.3,6.37,6.25,6.35,101846006.0,703002556.0
2024-12-31,002027.SZ,6.35,6.48,6.32,6.44,150008322.0,1051710217.0
2025-01-02,002027.SZ,6.44,6.47,6.27,6.3,143269872.0,997199978.0
2025-01-03,002027.SZ,6.31,6.46,6.17,6.19,141880677.0,973301503.0
2025-01-06,002027.SZ,6.18,6.25,6.08,6.13,101240341.0,679210804.0
2025-01-07,002027.SZ,6.1,6.14,6.0,6.13,105188938.0,696399549.0
2025-01-08,002027.SZ,6.1,6.18,6.03,6.16,103259439.0,689146179.0
2025-01-09,002027.SZ,6.17,6.17,5.95,6.0,104551407.0,688517647.0
2025-01-10,002027.SZ,6.0,6.01,5.89,5.9,76484970.0,495581924.0
2025-01-13,002027.SZ,5.84,5.92,5.81,5.91,59615617.0,382851537.0
2025-01-14,002027.SZ,5.91,6.02,5.85,5.99,95442577.0,621940470.0
2025-01-15,002027.SZ,6.0,6.01,5.91,5.93,69971896.0,455856625.0
2025-01-16,002027.SZ,5.97,6.02,5.88,5.99,123869836.0,804949914.0
2025-01-17,002027.SZ,5.97,6.07,5.95,6.02,115360545.0,757947074.0
2025-01-20,002027.SZ,6.04,6.08,5.82,5.85,161492606.0,1042932302.0
2025-01-21,002027.SZ,5.88,5.96,5.82,5.93,105793328.0,681247892.0
2025-01-22,002027.SZ,5.89,5.93,5.82,5.83,85897678.0,548248021.0
2025-01-23,002027.SZ,5.9,5.99,5.87,5.88,134657554.0,871827092.0
2025-01-24,002027.SZ,5.86,6.02,5.81,5.93,111574563.0,721736446.0
2025-01-27,002027.SZ,5.95,6.12,5.94,6.06,134159342.0,886370214.0
2025-02-05,002027.SZ,6.09,6.15,5.99,6.1,91865026.0,609908457.0
2025-02-06,002027.SZ,6.07,6.12,5.95,6.0,129052340.0,845577456.0
2025-02-07,002027.SZ,5.99,6.09,5.92,6.02,119915855.0,787760013.0
2025-02-10,002027.SZ,6.0,6.16,5.99,6.08,133681851.0,885503943.0
2025-02-11,002027.SZ,6.09,6.15,6.01,6.12,123003406.0,818276428.0
2025-02-12,002027.SZ,6.1,6.13,6.0,6.05,113038189.0,745832768.0
2025-02-13,002027.SZ,6.06,6.15,5.97,6.09,151499541.0,1005050821.0
2025-02-14,002027.SZ,6.08,6.25,6.0,6.19,198130816.0,1322000844.0
2025-02-17,002027.SZ,6.22,6.26,6.03,6.05,199783659.0,1332987506.0
2025-02-18,002027.SZ,6.06,6.08,5.8,5.82,244725007.0,1579899823.0
2025-02-19,002027.SZ,5.82,5.85,5.76,5.82,140061196.0,887546997.0
2025-02-20,002027.SZ,5.82,5.82,5.71,5.77,127417919.0,800966382.0
2025-02-21,002027.SZ,5.8,5.88,5.69,5.82,272822505.0,1721740532.0
2025-02-24,002027.SZ,5.82,6.09,5.77,5.98,303068224.0,1987133154.0
2025-02-25,002027.SZ,5.94,6.0,5.89,5.92,114089054.0,738945853.0
2025-02-26,002027.SZ,5.91,6.01,5.89,5.93,117557635.0,762010716.0
2025-02-27,002027.SZ,5.93,5.97,5.85,5.89,111600797.0,719097871.0
2025-02-28,002027.SZ,5.86,5.96,5.81,5.82,185558543.0,1191103653.0
2025-03-03,002027.SZ,5.82,6.03,5.8,5.93,178740211.0,1159763481.0
2025-03-04,002027.SZ,5.91,5.99,5.89,5.99,91166484.0,592523465.0
2025-03-05,002027.SZ,5.98,6.13,5.94,6.06,179359636.0,1187319870.0
2025-03-06,002027.SZ,6.1,6.18,6.04,6.16,131900752.0,883225632.0
2025-03-07,002027.SZ,6.16,6.18,5.99,6.01,109780971.0,725896751.0
2025-03-10,002027.SZ,6.01,6.04,5.97,6.01,79913616.0,524056684.0
2025-03-11,002027.SZ,5.98,6.04,5.96,6.04,69867932.0,457849077.0
2025-03-12,002027.SZ,6.04,6.3,6.04,6.25,214990140.0,1457520247.0
2025-03-13,002027.SZ,6.25,6.38,6.25,6.31,151031639.0,1042342010.0
2025-03-14,002027.SZ,6.33,6.51,6.33,6.38,202040623.0,1418778266.0
2025-03-17,002027.SZ,6.42,6.49,6.37,6.44,109680915.0,770686680.0
2025-03-18,002027.SZ,6.47,6.52,6.39,6.48,106517131.0,752339904.0
2025-03-19,002027.SZ,6.48,6.51,6.33,6.46,92476381.0,648054047.0
2025-03-20,002027.SZ,6.44,6.46,6.32,6.35,65208147.0,453552505.0
2025-03-21,002027.SZ,6.33,6.45,6.33,6.35,84291734.0,586358073.0
2025-03-24,002027.SZ,6.36,6.52,6.35,6.47,144853785.0,1021911411.0
2025-03-25,002027.SZ,6.47,6.5,6.39,6.49,102211291.0,719814894.0
2025-03-26,002027.SZ,6.47,6.49,6.34,6.38,98443720.0,686587800.0
2025-03-27,002027.SZ,6.36,6.46,6.36,6.44,57204423.0,400742493.0
2025-03-28,002027.SZ,6.44,6.55,6.41,6.46,84541297.0,598051283.0
2025-03-31,002027.SZ,6.46,6.47,6.36,6.43,84908047.0,594549046.0
2025-04-01,002027.SZ,6.41,6.46,6.36,6.38,67869661.0,474327308.0
2025-04-02,002027.SZ,6.36,6.41,6.28,6.33,85108520.0,587815828.0
2025-04-03,002027.SZ,6.27,6.47,6.25,6.45,104393589.0,726369610.0
2025-04-07,002027.SZ,6.25,6.25,5.82,5.9,229065636.0,1511954706.0
2025-04-08,002027.SZ,5.97,6.04,5.92,6.02,195843632.0,1275608387.0
2025-04-09,002027.SZ,5.95,6.04,5.89,5.98,183203931.0,1194445102.0
2025-04-10,002027.SZ,6.27,6.58,6.27,6.58,536683111.0,3779808065.0
2025-04-11,002027.SZ,6.59,6.63,6.35,6.37,396629616.0,2794783783.0
2025-04-14,002027.SZ,6.41,6.61,6.36,6.47,242292727.0,1716230740.0
2025-04-15,002027.SZ,6.5,6.58,6.41,6.53,144232326.0,1024403489.0
2025-04-16,002027.SZ,6.49,6.57,6.44,6.54,122764582.0,871009791.0
2025-04-17,002027.SZ,6.48,6.63,6.46,6.58,103799951.0,743488430.0
2025-04-18,002027.SZ,6.55,6.62,6.52,6.58,83356791.0,597509456.0
2025-04-21,002027.SZ,6.57,6.63,6.52,6.54,70874200.0,508529010.0
2025-04-22,002027.SZ,6.52,6.59,6.44,6.45,98754888.0,700452133.0
2025-04-23,002027.SZ,6.46,6.47,6.29,6.35,110035301.0,764437686.0
2025-04-24,002027.SZ,6.37,6.43,6.34,6.38,72866479.0,508352470.0
2025-04-25,002027.SZ,6.4,6.42,6.35,6.35,60984980.0,424370576.0
2025-04-28,002027.SZ,6.33,6.36,6.27,6.29,95127624.0,656776106.0
2025-04-29,002027.SZ,6.33,6.5,6.32,6.47,145575136.0,1023309610.0
2025-04-30,002027.SZ,6.47,6.61,6.46,6.59,138130663.0,990074980.0
2025-05-06,002027.SZ,6.59,6.86,6.53,6.83,190361228.0,1404844894.0
2025-05-07,002027.SZ,6.88,6.9,6.8,6.83,103025069.0,769521092.0
2025-05-08,002027.SZ,6.8,6.85,6.74,6.76,78128885.0,578558792.0
2025-05-09,002027.SZ,6.75,6.78,6.66,6.68,94928723.0,694078402.0
2025-05-12,002027.SZ,6.71,6.77,6.63,6.68,99387593.0,726813928.0
2025-05-13,002027.SZ,6.7,6.76,6.62,6.7,84105883.0,615115834.0
2025-05-14,002027.SZ,6.69,6.9,6.67,6.85,133187900.0,992062832.0
2025-05-15,002027.SZ,6.84,6.84,6.75,6.79,76927382.0,570127609.0
2025-05-16,002027.SZ,6.77,6.82,6.65,6.73,93168779.0,683953611.0
2025-05-19,002027.SZ,6.73,6.75,6.6,6.65,78729146.0,572031627.0
2025-05-20,002027.SZ,6.67,6.82,6.66,6.79,94355398.0,695630855.0
2025-05-21,002027.SZ,6.78,6.84,6.72,6.73,57736203.0,427247687.0
2025-05-22,002027.SZ,6.7,6.78,6.68,6.75,55078487.0,404869774.0
2025-05-23,002027.SZ,6.75,6.9,6.75,6.85,118718075.0,886772747.0
2025-05-26,002027.SZ,6.86,6.95,6.78,6.92,87727383.0,657859142.0
2025-05-27,002027.SZ,6.91,6.96,6.83,6.84,82923154.0,624010522.0
2025-05-28,002027.SZ,6.85,6.99,6.79,6.98,86917323.0,658459785.0
2025-05-29,002027.SZ,6.99,6.99,6.82,6.92,95835237.0,720857552.0
2025-05-30,002027.SZ,6.89,6.99,6.84,6.84,76644992.0,577763648.0
2025-06-03,002027.SZ,6.81,6.85,6.69,6.75,97715055.0,720016941.0
2025-06-04,002027.SZ,6.75,6.77,6.69,6.74,68378159.0,502119467.0
2025-06-05,002027.SZ,6.74,6.8,6.69,6.69,68401419.0,502356029.0
2025-06-06,002027.SZ,6.69,6.76,6.65,6.68,60124073.0,439719502.0
2025-06-09,002027.SZ,6.69,6.72,6.63,6.66,76221813.0,554327200.0
2025-06-10,002027.SZ,6.66,6.73,6.61,6.64,71997624.0,524492300.0
2025-06-11,002027.SZ,6.65,6.69,6.62,6.65,61886310.0,449656148.0
2025-06-12,002027.SZ,6.67,6.7,6.59,6.68,73069117.0,530518891.0
2025-06-13,002027.SZ,6.65,6.66,6.47,6.52,116791708.0,832951075.0
2025-06-16,002027.SZ,6.51,6.51,6.43,6.49,98482386.0,695509038.0
2025-06-17,002027.SZ,6.47,6.54,6.45,6.51,66883459.0,474112889.0
2025-06-18,002027.SZ,6.5,6.58,6.48,6.49,62564235.0,445656927.0
2025-06-19,002027.SZ,6.48,6.52,6.41,6.43,53555922.0,378064208.0
2025-06-20,002027.SZ,6.4,6.44,6.34,6.42,104845715.0,732093600.0
2025-06-23,002027.SZ,6.39,6.45,6.33,6.36,74536735.0,518420609.0
2025-06-24,002027.SZ,6.39,6.52,6.36,6.49,113567504.0,800241978.0
2025-06-25,002027.SZ,6.52,6.67,6.51,6.64,124576849.0,897455999.0
2025-06-26,002027.SZ,6.65,6.65,6.5,6.53,73668094.0,526209595.0
2025-06-27,002027.SZ,6.54,6.63,6.51,6.58,98041104.0,704288776.0
2025-06-30,002027.SZ,6.57,6.71,6.54,6.69,105670361.0,766058961.0
2025-07-01,002027.SZ,6.7,6.71,6.57,6.58,88574052.0,639215093.0
2025-07-02,002027.SZ,6.59,6.6,6.52,6.54,72451439.0,518026607.0
2025-07-03,002027.SZ,6.53,6.63,6.52,6.57,80046389.0,575462684.0
2025-07-04,002027.SZ,6.57,6.69,6.54,6.67,109226692.0,789872758.0
2025-07-07,002027.SZ,6.9,7.12,6.87,7.01,360742116.0,2753168797.0
2025-07-08,002027.SZ,7.04,7.07,6.96,7.06,148350269.0,1135972242.0
2025-07-09,002027.SZ,7.05,7.2,6.97,7.13,153733100.0,1194159392.0
2025-07-10,002027.SZ,7.14,7.17,7.02,7.06,97701207.0,754013461.0
2025-07-11,002027.SZ,7.07,7.21,7.01,7.12,120150338.0,934862904.0
2025-07-14,002027.SZ,7.12,7.15,7.03,7.13,111585508.0,863843694.0
2025-07-15,002027.SZ,7.12,7.14,6.91,7.02,126434466.0,966356026.0
2025-07-16,002027.SZ,7.02,7.09,6.87,6.91,98163737.0,745601616.0
2025-07-17,002027.SZ,6.92,6.94,6.78,6.88,95696780.0,715108934.0
2025-07-18,002027.SZ,6.9,6.96,6.85,6.88,72091599.0,542987069.0
2025-07-21,002027.SZ,6.86,6.93,6.82,6.92,91295167.0,686914691.0
2025-07-22,002027.SZ,6.9,6.96,6.84,6.96,91684692.0,691358828.0
2025-07-23,002027.SZ,6.97,7.0,6.88,6.95,85747940.0,649356245.0
2025-07-24,002027.SZ,6.95,7.08,6.95,7.06,116439898.0,892717469.0
2025-07-25,002027.SZ,7.07,7.08,6.83,6.88,128410227.0,967963356.0
2025-07-28,002027.SZ,6.85,6.92,6.8,6.87,96299666.0,719831161.0
2025-07-29,002027.SZ,6.85,6.91,6.76,6.91,107449992.0,800910499.0
2025-07-30,002027.SZ,6.88,7.02,6.85,7.0,97104435.0,738805332.0
2025-07-31,002027.SZ,6.99,7.0,6.84,6.87,78852697.0,593926987.0
2025-08-01,002027.SZ,6.87,6.91,6.86,6.88,53088565.0,399131920.0
2025-08-04,002027.SZ,6.87,7.04,6.85,7.02,97697859.0,745518127.0
2025-08-05,002027.SZ,7.02,7.34,7.02,7.34,168793047.0,1335073175.0
2025-08-06,002027.SZ,7.31,7.37,7.12,7.14,131606500.0,1034637616.0
2025-08-07,002027.SZ,7.29,7.34,7.0,7.1,176687201.0,1367323401.0
2025-08-08,002027.SZ,7.16,7.33,7.13,7.18,152623497.0,1202726874.0
2025-08-11,002027.SZ,7.28,7.61,7.22,7.5,233660371.0,1903834795.0
2025-08-12,002027.SZ,7.5,7.64,7.41,7.46,158435617.0,1299066149.0
2025-08-13,002027.SZ,7.49,7.5,7.4,7.42,152935332.0,1241452620.0
2025-08-14,002027.SZ,7.4,7.45,7.3,7.31,121317663.0,976172713.0
2025-08-15,002027.SZ,7.3,7.36,7.26,7.34,101622148.0,812685983.0
2025-08-18,002027.SZ,7.38,7.44,7.25,7.3,139500319.0,1113650488.0
2025-08-19,002027.SZ,7.29,7.35,7.21,7.3,113188726.0,900980012.0
2025-08-20,002027.SZ,7.3,7.56,7.27,7.53,166905561.0,1359958583.0
2025-08-21,002027.SZ,7.51,7.6,7.45,7.51,115047505.0,944292809.0
2025-08-22,002027.SZ,7.58,7.64,7.46,7.61,114091197.0,918299880.0
2025-08-25,002027.SZ,7.63,7.73,7.57,7.7,113265312.0,921117178.0
2025-08-26,002027.SZ,7.7,7.86,7.65,7.76,120803641.0,992829708.0
2025-08-27,002027.SZ,7.78,7.86,7.69,7.7,176153817.0,1450323705.0
2025-08-28,002027.SZ,7.68,7.9,7.67,7.78,183682872.0,1515596162.0
2025-08-29,002027.SZ,7.77,7.91,7.7,7.83,147936584.0,1225712623.0
2025-09-01,002027.SZ,7.83,8.25,7.8,8.2,189543804.0,1630283651.0
2025-09-02,002027.SZ,8.16,8.16,7.96,8.03,114530437.0,976686782.0
2025-09-03,002027.SZ,8.03,8.04,7.86,7.91,88168385.0,741506888.0
2025-09-04,002027.SZ,7.91,7.93,7.77,7.88,106913538.0,891459326.0
2025-09-05,002027.SZ,7.9,7.91,7.75,7.83,108147145.0,897057717.0
2025-09-08,002027.SZ,7.82,7.99,7.78,7.91,124037168.0,1039900568.0
2025-09-09,002027.SZ,7.91,7.99,7.86,7.92,78247532.0,657360242.0
2025-09-10,002027.SZ,7.91,7.92,7.77,7.8,78329347.0,649403961.0
2025-09-11,002027.SZ,7.81,7.83,7.74,7.8,103369684.0,854539287.0
2025-09-12,002027.SZ,7.82,7.92,7.64,7.69,135278559.0,1109080774.0
2025-09-15,002027.SZ,7.69,7.73,7.6,7.64,107554171.0,872630322.0
2025-09-16,002027.SZ,7.64,7.66,7.53,7.65,99857716.0,804708579.0
2025-09-17,002027.SZ,7.69,7.88,7.66,7.87,148029797.0,1225876174.0
2025-09-18,002027.SZ,7.82,7.91,7.53,7.59,109950460.0,897329305.0
2025-09-19,002027.SZ,7.63,7.86,7.57,7.85,129997593.0,1068657133.0
2025-09-22,002027.SZ,7.8,7.81,7.65,7.7,87706130.0,716873821.0
2025-09-23,002027.SZ,7.71,7.74,7.54,7.6,106160567.0,857790523.0
2025-09-24,002027.SZ,7.56,7.7,7.54,7.69,75485261.0,610320367.0
2025-09-25,002027.SZ,7.66,7.96,7.64,7.91,165514176.0,1382847614.0
2025-09-26,002027.SZ,7.89,7.9,7.65,7.78,125019590.0,1030448733.0
2025-09-29,002027.SZ,7.75,7.88,7.67,7.86,110404683.0,910217510.0
2025-09-30,002027.SZ,7.83,7.87,7.57,7.59,157694682.0,1277372183.0
2025-10-09,002027.SZ,7.6,7.61,7.36,7.45,146309197.0,1156177059.0
2025-10-10,002027.SZ,7.42,7.48,7.31,7.32,98111656.0,769472597.0
2025-10-13,002027.SZ,7.21,7.28,7.15,7.25,138002753.0,1056532019.0
2025-10-14,002027.SZ,7.26,7.35,7.22,7.26,126978321.0,982569323.0
2025-10-15,002027.SZ,7.26,7.36,7.23,7.33,155615559.0,1206595943.0
2025-10-16,002027.SZ,7.33,7.33,7.03,7.1,165163627.0,1256491864.0
2025-10-17,002027.SZ,7.11,7.34,7.1,7.13,132092396.0,999718625.0
2025-10-20,002027.SZ,7.18,7.21,7.07,7.15,92899162.0,693805253.0
2025-10-21,002027.SZ,7.13,7.2,7.09,7.1,97336238.0,727506885.0
2025-10-22,002027.SZ,7.1,7.18,7.05,7.1,83252476.0,619915943.0
2025-10-23,002027.SZ,7.08,7.16,7.06,7.15,60902753.0,453506198.0
2025-10-24,002027.SZ,7.15,7.26,7.12,7.14,81317373.0,611745929.0
2025-10-27,002027.SZ,7.19,7.32,7.14,7.27,121839319.0,923787282.0
2025-10-28,002027.SZ,7.24,7.31,7.2,7.28,64665357.0,491559544.0
2025-10-29,002027.SZ,7.26,7.28,7.18,7.28,72543921.0,549816121.0
2025-10-30,002027.SZ,7.34,7.53,7.33,7.43,166156562.0,1296178417.0
2025-10-31,002027.SZ,7.44,7.52,7.36,7.4,89821323.0,698067706.0
2025-11-03,002027.SZ,7.43,7.45,7.24,7.43,114379532.0,880801706.0
2025-11-04,002027.SZ,7.4,7.48,7.37,7.42,94981683.0,738138021.0
2025-11-05,002027.SZ,7.35,7.37,7.24,7.31,110346421.0,842180225.0
2025-11-06,002027.SZ,7.31,7.31,7.15,7.2,131590272.0,995424150.0
2025-11-07,002027.SZ,7.16,7.23,7.14,7.15,78395675.0,589496565.0
2025-11-10,002027.SZ,7.15,7.49,7.14,7.41,142987137.0,1102626648.0
2025-11-11,002027.SZ,7.41,7.48,7.32,7.45,91425270.0,711582278.0
2025-11-12,002027.SZ,7.42,7.64,7.42,7.43,97837401.0,767680638.0
2025-11-13,002027.SZ,7.43,7.49,7.37,7.42,80433467.0,624601108.0
2025-11-14,002027.SZ,7.4,7.5,7.31,7.31,77153933.0,596574619.0
2025-11-17,002027.SZ,7.22,7.31,7.2,7.25,84483391.0,639545769.0
2025-11-18,002027.SZ,7.24,7.38,7.24,7.32,77270118.0,592511484.0
2025-11-19,002027.SZ,7.31,7.32,7.19,7.22,73969312.0,560679300.0
2025-11-20,002027.SZ,7.25,7.32,7.2,7.21,70927961.0,540581372.0
2025-11-21,002027.SZ,7.17,7.31,7.15,7.21,96888576.0,732177444.0
2025-11-24,002027.SZ,7.21,7.25,7.11,7.19,117884763.0,886021835.0
2025-11-25,002027.SZ,7.19,7.25,7.07,7.11,146535007.0,1092340468.0
2025-11-26,002027.SZ,7.08,7.09,6.95,7.01,164766292.0,1197506898.0
2025-11-27,002027.SZ,7.0,7.09,6.96,7.05,97300476.0,710814874.0
2025-11-28,002027.SZ,7.06,7.08,6.97,7.07,74190955.0,541818665.0
2025-12-01,002027.SZ,7.08,7.21,7.03,7.17,137660642.0,1023885817.0
2025-12-02,002027.SZ,7.18,7.18,6.97,6.99,101998271.0,747692415.0
2025-12-03,002027.SZ,7.0,7.06,6.97,6.98,67918546.0,495325572.0
2025-12-04,002027.SZ,6.98,7.02,6.91,6.94,77354406.0,559797269.0
2025-12-05,002027.SZ,6.93,6.94,6.85,6.91,91161367.0,654633642.0
2025-12-08,002027.SZ,6.91,6.95,6.84,6.85,117767294.0,843595870.0
2025-12-09,002027.SZ,6.85,6.9,6.73,6.76,126808418.0,896264587.0
2025-12-10,002027.SZ,6.76,6.83,6.7,6.82,176248352.0,1242360030.0
2025-12-11,002027.SZ,6.82,6.84,6.71,6.75,119171792.0,837768504.0
2025-12-12,002027.SZ,6.77,6.89,6.73,6.88,194564283.0,1383023338.0
2025-12-15,002027.SZ,6.85,6.92,6.78,6.86,109551124.0,782538962.0
2025-12-16,002027.SZ,6.83,6.89,6.79,6.8,78715096.0,559552205.0
2025-12-17,002027.SZ,6.81,6.98,6.77,6.94,134558739.0,967080534.0
2025-12-18,002027.SZ,6.91,7.08,6.89,7.06,124945490.0,914513887.0
2025-12-19,002027.SZ,7.06,7.07,6.98,7.03,72998816.0,533710638.0
2025-12-22,002027.SZ,7.01,7.03,6.85,6.98,152679160.0,1103103589.0
2025-12-23,002027.SZ,6.98,7.0,6.9,6.96,97992713.0,709166964.0
2025-12-24,002027.SZ,6.95,6.96,6.8,6.86,143957998.0,1024313780.0
2025-12-25,002027.SZ,6.87,6.95,6.85,6.94,97345034.0,700241450.0
2025-12-26,002027.SZ,6.93,6.96,6.87,6.9,98425691.0,707430218.0
2025-12-29,002027.SZ,6.88,6.99,6.85,6.91,106473441.0,769131272.0
2025-12-30,002027.SZ,6.91,7.09,6.82,7.01,153748060.0,1112575693.0
2025-12-31,002027.SZ,7.02,7.18,7.0,7.08,139947254.0,1035397041.0
2026-01-05,002027.SZ,7.06,7.08,6.83,6.96,181521565.0,1306857885.0
2026-01-06,002027.SZ,6.96,7.2,6.93,7.16,179640627.0,1328502042.0
2026-01-07,002027.SZ,7.15,7.2,7.1,7.15,116145382.0,864731065.0
2026-01-08,002027.SZ,7.14,7.35,6.99,7.33,221953786.0,1663987718.0
2026-01-09,002027.SZ,7.28,7.44,7.26,7.41,154676003.0,1181077210.0
2026-01-12,002027.SZ,7.5,7.78,7.45,7.73,315341191.0,2501879387.0
2026-01-13,002027.SZ,7.81,8.0,7.6,7.71,383276575.0,3113823439.0
2026-01-14,002027.SZ,7.59,7.83,7.38,7.5,324452362.0,2564819324.0
2026-01-15,002027.SZ,7.43,7.55,7.23,7.28,213668457.0,1632779161.0
2026-01-16,002027.SZ,7.3,7.32,7.08,7.14,219748592.0,1632945601.0
2026-01-19,002027.SZ,7.11,7.2,7.07,7.11,160491996.0,1188313560.0
2026-01-20,002027.SZ,7.12,7.18,7.07,7.15,149423849.0,1106844099.0
2026-01-21,002027.SZ,7.13,7.17,7.08,7.1,133681906.0,990886545.0
2026-01-22,002027.SZ,7.1,7.16,7.06,7.11,142456353.0,1052725189.0
2026-01-23,002027.SZ,7.12,7.26,7.11,7.15,186374449.0,1394044546.0
2026-01-26,002027.SZ,7.02,7.21,6.86,7.13,335271964.0,2444311520.0
2026-01-27,002027.SZ,7.15,7.16,6.98,6.98,144917426.0,1063423874.0
2026-01-28,002027.SZ,6.97,7.05,6.84,6.86,204367519.0,1471981599.0
2026-01-29,002027.SZ,6.85,7.14,6.82,7.08,281139039.0,2059775141.0
2026-01-30,002027.SZ,7.04,7.09,6.92,6.92,141730259.0,1029298559.0
2026-02-02,002027.SZ,6.9,7.16,6.89,7.08,230995588.0,1702056854.0
2026-02-03,002027.SZ,7.1,7.12,6.98,7.06,134435032.0,984373542.0
2026-02-04,002027.SZ,7.02,7.1,6.98,7.05,137295515.0,1005987903.0
2026-02-05,002027.SZ,7.03,7.22,7.01,7.12,153571069.0,1138884624.0
2026-02-06,002027.SZ,7.13,7.16,7.03,7.03,92302519.0,679143607.0
2026-02-09,002027.SZ,7.1,7.1,6.98,7.03,114821405.0,838982077.0
2026-02-10,002027.SZ,7.02,7.25,7.02,7.19,200036243.0,1488587566.0
2026-02-11,002027.SZ,7.19,7.25,7.13,7.18,132004750.0,986707234.0
2026-02-12,002027.SZ,7.17,7.19,7.0,7.06,106243378.0,780384463.0
2026-02-13,002027.SZ,7.04,7.1,7.0,7.0,99403526.0,727765354.0
2026-02-24,002027.SZ,7.01,7.03,6.87,7.0,171055675.0,1235347258.0
2026-02-25,002027.SZ,6.99,7.01,6.92,6.94,85659996.0,619590206.0
2026-02-26,002027.SZ,6.93,6.93,6.83,6.86,129458363.0,924476896.0
2026-02-27,002027.SZ,6.86,6.88,6.79,6.8,116830672.0,827816040.0
2026-03-02,002027.SZ,6.73,6.74,6.47,6.6,297486277.0,2038676378.0
2026-03-03,002027.SZ,6.6,6.66,6.5,6.52,162693894.0,1110991190.0
2026-03-04,002027.SZ,6.49,6.52,6.37,6.41,125366516.0,838995072.0
2026-03-05,002027.SZ,6.48,6.54,6.36,6.39,92601928.0,619883647.0
2026-03-06,002027.SZ,6.36,6.46,6.35,6.45,74679434.0,499133495.0
2026-03-09,002027.SZ,6.39,6.44,6.33,6.41,126556937.0,839904248.0
2026-03-10,002027.SZ,6.44,6.52,6.44,6.46,86797856.0,583625184.0
2026-03-11,002027.SZ,6.47,6.56,6.39,6.54,108446920.0,731805456.0
2026-03-12,002027.SZ,6.51,6.56,6.47,6.54,77493116.0,524844204.0
2026-03-13,002027.SZ,6.51,6.62,6.5,6.6,128303532.0,878259818.0
2026-03-16,002027.SZ,6.58,6.59,6.47,6.52,114070571.0,773286970.0
2026-03-17,002027.SZ,6.54,6.75,6.52,6.65,136593757.0,948044053.0
2026-03-18,002027.SZ,6.63,6.66,6.49,6.6,105633046.0,720963443.0
2026-03-19,002027.SZ,6.54,6.55,6.45,6.5,87114221.0,589056851.0
2026-03-20,002027.SZ,6.5,6.54,6.39,6.39,76685395.0,514711205.0
2026-03-23,002027.SZ,6.31,6.32,6.07,6.14,151260556.0,972629963.0
2026-03-24,002027.SZ,6.22,6.28,6.1,6.27,98524751.0,637406940.0
2026-03-25,002027.SZ,6.3,6.31,6.18,6.2,111335816.0,722109821.0
2026-03-26,002027.SZ,6.2,6.28,6.15,6.17,121762949.0,788468529.0
2026-03-27,002027.SZ,6.1,6.24,6.1,6.2,82695008.0,531969249.0
2026-03-30,002027.SZ,6.12,6.28,6.1,6.21,98499520.0,635415309.0
2026-03-31,002027.SZ,6.2,6.38,6.2,6.3,108982954.0,717589279.0
2026-04-01,002027.SZ,6.38,6.39,6.28,6.34,84800997.0,559465478.0
2026-04-02,002027.SZ,6.34,6.34,6.23,6.25,67677159.0,442265552.0
2026-04-03,002027.SZ,6.27,6.28,6.09,6.09,93450710.0,596131650.0
2026-04-07,002027.SZ,6.09,6.14,6.05,6.07,63017465.0,398405528.0
2026-04-08,002027.SZ,6.12,6.24,6.12,6.23,125444174.0,808260331.0
2026-04-09,002027.SZ,6.18,6.21,6.04,6.06,108980558.0,691349523.0
2026-04-10,002027.SZ,6.1,6.25,6.09,6.22,116885872.0,751547399.0
2026-04-13,002027.SZ,6.19,6.19,5.96,5.98,188773932.0,1188921798.0
2026-04-14,002027.SZ,6.0,6.08,5.92,6.06,130607547.0,815573250.0
2026-04-15,002027.SZ,6.06,6.09,6.0,6.06,96352263.0,605232423.0
2026-04-16,002027.SZ,6.06,6.11,6.01,6.05,126313177.0,796555210.0
2026-04-17,002027.SZ,6.03,6.04,5.86,5.97,171662685.0,1062052936.0
2026-04-20,002027.SZ,5.95,6.02,5.93,5.96,98384944.0,611602263.0
2026-04-21,002027.SZ,5.95,6.07,5.94,6.04,140931782.0,882482391.0
2026-04-22,002027.SZ,6.04,6.11,5.96,6.02,131872245.0,827262060.0
2026-04-23,002027.SZ,6.03,6.05,5.95,5.99,126341083.0,787969218.0
2026-04-24,002027.SZ,5.96,5.97,5.86,5.89,126308056.0,773960969.0
2026-04-27,002027.SZ,5.85,5.89,5.81,5.85,102259788.0,620272661.0
2026-04-28,002027.SZ,5.85,5.9,5.83,5.86,85405097.0,520531879.0
2026-04-29,002027.SZ,6.04,6.2,6.01,6.17,293380285.0,1872117403.0
2026-04-30,002027.SZ,6.13,6.18,6.03,6.05,141959693.0,900407940.0
2026-05-06,002027.SZ,6.05,6.13,5.98,6.1,145652325.0,919976403.0
2026-05-07,002027.SZ,6.1,6.23,6.08,6.1,132960392.0,849373338.0
2026-05-08,002027.SZ,6.11,6.15,5.99,6.01,153263474.0,963484867.0
2026-05-11,002027.SZ,6.01,6.02,5.84,5.87,259329067.0,1586834665.0
2026-05-12,002027.SZ,5.88,5.88,5.77,5.8,188439828.0,1138149522.0
2026-05-13,002027.SZ,5.78,5.85,5.78,5.8,120104828.0,725875362.0
2026-05-14,002027.SZ,5.82,5.84,5.69,5.69,136059182.0,813001250.0
2026-05-15,002027.SZ,5.7,5.75,5.66,5.69,103380094.0,612709421.0
2026-05-18,002027.SZ,5.7,5.7,5.49,5.53,260034232.0,1503080231.0
2026-05-19,002027.SZ,5.54,5.62,5.48,5.51,155527214.0,895422531.0
2026-05-20,002027.SZ,5.5,5.53,5.4,5.44,162336403.0,920497221.0
2026-05-21,002027.SZ,5.46,5.55,5.34,5.36,177800988.0,1008829583.0
2026-05-22,002027.SZ,5.39,5.4,5.24,5.3,211955667.0,1168191400.0
2026-05-25,002027.SZ,5.3,5.34,5.21,5.3,143521347.0,787044841.0
2026-05-26,002027.SZ,5.27,5.33,5.24,5.32,140550238.0,774789233.0
2026-05-27,002027.SZ,5.34,5.34,5.21,5.27,144415693.0,791204327.0
2026-05-28,002027.SZ,5.27,5.28,5.15,5.2,152972008.0,827089807.0
2026-05-29,002027.SZ,5.22,5.43,5.2,5.36,226308216.0,1257589788.0
2026-06-01,002027.SZ,5.34,5.48,5.33,5.46,157100021.0,887792921.0
2026-06-02,002027.SZ,5.43,5.47,5.31,5.34,169251343.0,945227031.0
2026-06-03,002027.SZ,5.33,5.33,5.22,5.29,136970016.0,751420412.0
2026-06-04,002027.SZ,5.28,5.31,5.2,5.23,90254751.0,492231896.0
2026-06-05,002027.SZ,5.23,5.31,5.15,5.18,153811800.0,833926273.0
2026-06-08,002027.SZ,5.15,5.23,5.06,5.09,132784297.0,707567192.0
2026-06-09,002027.SZ,5.13,5.19,5.07,5.15,121363641.0,648416312.0
2026-06-10,002027.SZ,5.14,5.25,5.13,5.18,156803234.0,848261175.0
2026-06-11,002027.SZ,5.16,5.18,5.07,5.13,128580132.0,684976999.0
2026-06-12,002027.SZ,5.14,5.26,5.05,5.24,220894292.0,1186156830.0
2026-06-15,002027.SZ,5.23,5.3,5.09,5.14,186658755.0,1002110756.0
2026-06-16,002027.SZ,5.12,5.13,4.99,5.0,177673300.0,929940908.0
2026-06-17,002027.SZ,5.0,5.01,4.89,4.92,172046893.0,881318481.0
2026-06-18,002027.SZ,4.91,4.93,4.76,4.83,228471818.0,1147487283.0
2026-06-22,002027.SZ,4.81,4.89,4.73,4.86,172507492.0,862403553.0
2026-06-23,002027.SZ,4.84,4.91,4.72,4.73,195924024.0,976815294.0
2026-06-24,002027.SZ,4.73,4.76,4.6,4.61,185241372.0,895419168.0
2026-06-25,002027.SZ,4.6,4.69,4.55,4.63,205699563.0,988674789.0
2026-06-26,002027.SZ,4.64,4.7,4.57,4.58,169014248.0,813383919.0
2026-06-29,002027.SZ,4.58,4.74,4.46,4.63,199275918.0,954694259.0
2026-06-30,002027.SZ,4.62,4.65,4.54,4.65,178269869.0,851219882.0
2026-07-01,002027.SZ,4.65,4.71,4.58,4.66,150697341.0,729436722.0
2026-07-02,002027.SZ,4.66,4.77,4.64,4.72,215242009.0,1052420333.0
2026-07-03,002027.SZ,4.72,4.81,4.64,4.71,194486314.0,954074919.0
2026-07-06,002027.SZ,4.71,4.87,4.66,4.86,249141963.0,1245112334.0
2026-07-07,002027.SZ,4.84,4.91,4.74,4.77,164785365.0,825844080.0
2026-07-08,002027.SZ,4.75,4.8,4.66,4.72,147542541.0,725311657.0
2026-07-09,002027.SZ,4.74,4.78,4.66,4.74,163254223.0,773270143.0
2026-07-10,002027.SZ,4.73,4.87,4.63,4.81,202057620.0,963683564.0
2026-07-13,002027.SZ,4.79,4.82,4.69,4.75,158106989.0,748904708.0
2026-07-14,002027.SZ,4.73,4.77,4.68,4.74,159859275.0,756291059.0
2026-07-15,002027.SZ,4.74,5.0,4.72,4.98,229422852.0,1127890444.0
2026-07-16,002027.SZ,4.94,5.12,4.93,5.1,204609960.0,1030772932.0
